--
-- PostgreSQL database dump
--

-- Dumped from database version 17.0
-- Dumped by pg_dump version 17.0

SET statement_timeout = 0;
SET lock_timeout = 0;
SET idle_in_transaction_session_timeout = 0;
SET transaction_timeout = 0;
SET client_encoding = 'UTF8';
SET standard_conforming_strings = on;
SELECT pg_catalog.set_config('search_path', '', false);
SET check_function_bodies = false;
SET xmloption = content;
SET client_min_messages = warning;
SET row_security = off;

SET default_tablespace = '';

SET default_table_access_method = heap;

--
-- Name: auth_group; Type: TABLE; Schema: public; Owner: postgres
--

CREATE TABLE public.auth_group (
    id integer NOT NULL,
    name character varying(150) NOT NULL
);


ALTER TABLE public.auth_group OWNER TO postgres;

--
-- Name: auth_group_id_seq; Type: SEQUENCE; Schema: public; Owner: postgres
--

ALTER TABLE public.auth_group ALTER COLUMN id ADD GENERATED BY DEFAULT AS IDENTITY (
    SEQUENCE NAME public.auth_group_id_seq
    START WITH 1
    INCREMENT BY 1
    NO MINVALUE
    NO MAXVALUE
    CACHE 1
);


--
-- Name: auth_group_permissions; Type: TABLE; Schema: public; Owner: postgres
--

CREATE TABLE public.auth_group_permissions (
    id bigint NOT NULL,
    group_id integer NOT NULL,
    permission_id integer NOT NULL
);


ALTER TABLE public.auth_group_permissions OWNER TO postgres;

--
-- Name: auth_group_permissions_id_seq; Type: SEQUENCE; Schema: public; Owner: postgres
--

ALTER TABLE public.auth_group_permissions ALTER COLUMN id ADD GENERATED BY DEFAULT AS IDENTITY (
    SEQUENCE NAME public.auth_group_permissions_id_seq
    START WITH 1
    INCREMENT BY 1
    NO MINVALUE
    NO MAXVALUE
    CACHE 1
);


--
-- Name: auth_permission; Type: TABLE; Schema: public; Owner: postgres
--

CREATE TABLE public.auth_permission (
    id integer NOT NULL,
    name character varying(255) NOT NULL,
    content_type_id integer NOT NULL,
    codename character varying(100) NOT NULL
);


ALTER TABLE public.auth_permission OWNER TO postgres;

--
-- Name: auth_permission_id_seq; Type: SEQUENCE; Schema: public; Owner: postgres
--

ALTER TABLE public.auth_permission ALTER COLUMN id ADD GENERATED BY DEFAULT AS IDENTITY (
    SEQUENCE NAME public.auth_permission_id_seq
    START WITH 1
    INCREMENT BY 1
    NO MINVALUE
    NO MAXVALUE
    CACHE 1
);


--
-- Name: django_admin_log; Type: TABLE; Schema: public; Owner: postgres
--

CREATE TABLE public.django_admin_log (
    id integer NOT NULL,
    action_time timestamp with time zone NOT NULL,
    object_id text,
    object_repr character varying(200) NOT NULL,
    action_flag smallint NOT NULL,
    change_message text NOT NULL,
    content_type_id integer,
    user_id bigint NOT NULL,
    CONSTRAINT django_admin_log_action_flag_check CHECK ((action_flag >= 0))
);


ALTER TABLE public.django_admin_log OWNER TO postgres;

--
-- Name: django_admin_log_id_seq; Type: SEQUENCE; Schema: public; Owner: postgres
--

ALTER TABLE public.django_admin_log ALTER COLUMN id ADD GENERATED BY DEFAULT AS IDENTITY (
    SEQUENCE NAME public.django_admin_log_id_seq
    START WITH 1
    INCREMENT BY 1
    NO MINVALUE
    NO MAXVALUE
    CACHE 1
);


--
-- Name: django_content_type; Type: TABLE; Schema: public; Owner: postgres
--

CREATE TABLE public.django_content_type (
    id integer NOT NULL,
    app_label character varying(100) NOT NULL,
    model character varying(100) NOT NULL
);


ALTER TABLE public.django_content_type OWNER TO postgres;

--
-- Name: django_content_type_id_seq; Type: SEQUENCE; Schema: public; Owner: postgres
--

ALTER TABLE public.django_content_type ALTER COLUMN id ADD GENERATED BY DEFAULT AS IDENTITY (
    SEQUENCE NAME public.django_content_type_id_seq
    START WITH 1
    INCREMENT BY 1
    NO MINVALUE
    NO MAXVALUE
    CACHE 1
);


--
-- Name: django_migrations; Type: TABLE; Schema: public; Owner: postgres
--

CREATE TABLE public.django_migrations (
    id bigint NOT NULL,
    app character varying(255) NOT NULL,
    name character varying(255) NOT NULL,
    applied timestamp with time zone NOT NULL
);


ALTER TABLE public.django_migrations OWNER TO postgres;

--
-- Name: django_migrations_id_seq; Type: SEQUENCE; Schema: public; Owner: postgres
--

ALTER TABLE public.django_migrations ALTER COLUMN id ADD GENERATED BY DEFAULT AS IDENTITY (
    SEQUENCE NAME public.django_migrations_id_seq
    START WITH 1
    INCREMENT BY 1
    NO MINVALUE
    NO MAXVALUE
    CACHE 1
);


--
-- Name: django_session; Type: TABLE; Schema: public; Owner: postgres
--

CREATE TABLE public.django_session (
    session_key character varying(40) NOT NULL,
    session_data text NOT NULL,
    expire_date timestamp with time zone NOT NULL
);


ALTER TABLE public.django_session OWNER TO postgres;

--
-- Name: gestiones_area; Type: TABLE; Schema: public; Owner: postgres
--

CREATE TABLE public.gestiones_area (
    id bigint NOT NULL,
    nombre character varying(255) NOT NULL,
    empresa_id bigint NOT NULL
);


ALTER TABLE public.gestiones_area OWNER TO postgres;

--
-- Name: gestiones_area_id_seq; Type: SEQUENCE; Schema: public; Owner: postgres
--

ALTER TABLE public.gestiones_area ALTER COLUMN id ADD GENERATED BY DEFAULT AS IDENTITY (
    SEQUENCE NAME public.gestiones_area_id_seq
    START WITH 1
    INCREMENT BY 1
    NO MINVALUE
    NO MAXVALUE
    CACHE 1
);


--
-- Name: gestiones_asistencia; Type: TABLE; Schema: public; Owner: postgres
--

CREATE TABLE public.gestiones_asistencia (
    id bigint NOT NULL,
    fecha date NOT NULL,
    hora_entrada time without time zone,
    hora_salida time without time zone,
    colaborador_id bigint NOT NULL
);


ALTER TABLE public.gestiones_asistencia OWNER TO postgres;

--
-- Name: gestiones_asistencia_id_seq; Type: SEQUENCE; Schema: public; Owner: postgres
--

ALTER TABLE public.gestiones_asistencia ALTER COLUMN id ADD GENERATED BY DEFAULT AS IDENTITY (
    SEQUENCE NAME public.gestiones_asistencia_id_seq
    START WITH 1
    INCREMENT BY 1
    NO MINVALUE
    NO MAXVALUE
    CACHE 1
);


--
-- Name: gestiones_beneficio; Type: TABLE; Schema: public; Owner: postgres
--

CREATE TABLE public.gestiones_beneficio (
    id bigint NOT NULL,
    titulo character varying(255) NOT NULL,
    descripcion text NOT NULL,
    fecha_creacion timestamp with time zone NOT NULL,
    creado_por_id bigint NOT NULL,
    fecha_actualizacion timestamp with time zone NOT NULL,
    imagen character varying(100)
);


ALTER TABLE public.gestiones_beneficio OWNER TO postgres;

--
-- Name: gestiones_beneficio_id_seq; Type: SEQUENCE; Schema: public; Owner: postgres
--

ALTER TABLE public.gestiones_beneficio ALTER COLUMN id ADD GENERATED BY DEFAULT AS IDENTITY (
    SEQUENCE NAME public.gestiones_beneficio_id_seq
    START WITH 1
    INCREMENT BY 1
    NO MINVALUE
    NO MAXVALUE
    CACHE 1
);


--
-- Name: gestiones_cargafamiliar; Type: TABLE; Schema: public; Owner: postgres
--

CREATE TABLE public.gestiones_cargafamiliar (
    id bigint NOT NULL,
    nombre character varying(100) NOT NULL,
    apellido character varying(100) NOT NULL,
    rut character varying(12) NOT NULL,
    parentesco character varying(50) NOT NULL,
    fecha_nacimiento date,
    usuario_id bigint NOT NULL,
    archivo character varying(100),
    tipo_certificado character varying(20)
);


ALTER TABLE public.gestiones_cargafamiliar OWNER TO postgres;

--
-- Name: gestiones_cargafamiliar_id_seq; Type: SEQUENCE; Schema: public; Owner: postgres
--

ALTER TABLE public.gestiones_cargafamiliar ALTER COLUMN id ADD GENERATED BY DEFAULT AS IDENTITY (
    SEQUENCE NAME public.gestiones_cargafamiliar_id_seq
    START WITH 1
    INCREMENT BY 1
    NO MINVALUE
    NO MAXVALUE
    CACHE 1
);


--
-- Name: gestiones_curso; Type: TABLE; Schema: public; Owner: postgres
--

CREATE TABLE public.gestiones_curso (
    id bigint NOT NULL,
    nombre character varying(255) NOT NULL,
    descripcion text NOT NULL,
    supervisor_id bigint NOT NULL
);


ALTER TABLE public.gestiones_curso OWNER TO postgres;

--
-- Name: gestiones_curso_id_seq; Type: SEQUENCE; Schema: public; Owner: postgres
--

ALTER TABLE public.gestiones_curso ALTER COLUMN id ADD GENERATED BY DEFAULT AS IDENTITY (
    SEQUENCE NAME public.gestiones_curso_id_seq
    START WITH 1
    INCREMENT BY 1
    NO MINVALUE
    NO MAXVALUE
    CACHE 1
);


--
-- Name: gestiones_curso_participantes; Type: TABLE; Schema: public; Owner: postgres
--

CREATE TABLE public.gestiones_curso_participantes (
    id bigint NOT NULL,
    curso_id bigint NOT NULL,
    customuser_id bigint NOT NULL
);


ALTER TABLE public.gestiones_curso_participantes OWNER TO postgres;

--
-- Name: gestiones_curso_participantes_id_seq; Type: SEQUENCE; Schema: public; Owner: postgres
--

ALTER TABLE public.gestiones_curso_participantes ALTER COLUMN id ADD GENERATED BY DEFAULT AS IDENTITY (
    SEQUENCE NAME public.gestiones_curso_participantes_id_seq
    START WITH 1
    INCREMENT BY 1
    NO MINVALUE
    NO MAXVALUE
    CACHE 1
);


--
-- Name: gestiones_customuser; Type: TABLE; Schema: public; Owner: postgres
--

CREATE TABLE public.gestiones_customuser (
    id bigint NOT NULL,
    password character varying(128) NOT NULL,
    last_login timestamp with time zone,
    is_superuser boolean NOT NULL,
    username character varying(150) NOT NULL,
    first_name character varying(150) NOT NULL,
    last_name character varying(150) NOT NULL,
    email character varying(254) NOT NULL,
    is_staff boolean NOT NULL,
    is_active boolean NOT NULL,
    date_joined timestamp with time zone NOT NULL,
    cargo character varying(255),
    fecha_contratacion date,
    foto_perfil character varying(100),
    rut character varying(12),
    empresa_id bigint,
    direccion character varying(255),
    horario_asignado character varying(20),
    salud character varying(30),
    telefono character varying(15),
    fecha_nacimiento date,
    afp character varying(30),
    area_id bigint,
    genero character varying(10),
    segundo_apellido character varying(30),
    segundo_nombre character varying(30),
    certificado_afp character varying(100),
    certificado_salud character varying(100)
);


ALTER TABLE public.gestiones_customuser OWNER TO postgres;

--
-- Name: gestiones_customuser_groups; Type: TABLE; Schema: public; Owner: postgres
--

CREATE TABLE public.gestiones_customuser_groups (
    id bigint NOT NULL,
    customuser_id bigint NOT NULL,
    group_id integer NOT NULL
);


ALTER TABLE public.gestiones_customuser_groups OWNER TO postgres;

--
-- Name: gestiones_customuser_groups_id_seq; Type: SEQUENCE; Schema: public; Owner: postgres
--

ALTER TABLE public.gestiones_customuser_groups ALTER COLUMN id ADD GENERATED BY DEFAULT AS IDENTITY (
    SEQUENCE NAME public.gestiones_customuser_groups_id_seq
    START WITH 1
    INCREMENT BY 1
    NO MINVALUE
    NO MAXVALUE
    CACHE 1
);


--
-- Name: gestiones_customuser_id_seq; Type: SEQUENCE; Schema: public; Owner: postgres
--

ALTER TABLE public.gestiones_customuser ALTER COLUMN id ADD GENERATED BY DEFAULT AS IDENTITY (
    SEQUENCE NAME public.gestiones_customuser_id_seq
    START WITH 1
    INCREMENT BY 1
    NO MINVALUE
    NO MAXVALUE
    CACHE 1
);


--
-- Name: gestiones_customuser_user_permissions; Type: TABLE; Schema: public; Owner: postgres
--

CREATE TABLE public.gestiones_customuser_user_permissions (
    id bigint NOT NULL,
    customuser_id bigint NOT NULL,
    permission_id integer NOT NULL
);


ALTER TABLE public.gestiones_customuser_user_permissions OWNER TO postgres;

--
-- Name: gestiones_customuser_user_permissions_id_seq; Type: SEQUENCE; Schema: public; Owner: postgres
--

ALTER TABLE public.gestiones_customuser_user_permissions ALTER COLUMN id ADD GENERATED BY DEFAULT AS IDENTITY (
    SEQUENCE NAME public.gestiones_customuser_user_permissions_id_seq
    START WITH 1
    INCREMENT BY 1
    NO MINVALUE
    NO MAXVALUE
    CACHE 1
);


--
-- Name: gestiones_denuncia; Type: TABLE; Schema: public; Owner: postgres
--

CREATE TABLE public.gestiones_denuncia (
    id bigint NOT NULL,
    motivo character varying(255) NOT NULL,
    descripcion text NOT NULL,
    evidencias character varying(100),
    contacto_urgencia character varying(100) NOT NULL,
    fecha_creacion timestamp with time zone NOT NULL,
    denunciado_id bigint NOT NULL,
    denunciante_id bigint NOT NULL,
    estado character varying(50) NOT NULL,
    fecha_limite date,
    prioridad character varying(50) NOT NULL
);


ALTER TABLE public.gestiones_denuncia OWNER TO postgres;

--
-- Name: gestiones_denuncia_id_seq; Type: SEQUENCE; Schema: public; Owner: postgres
--

ALTER TABLE public.gestiones_denuncia ALTER COLUMN id ADD GENERATED BY DEFAULT AS IDENTITY (
    SEQUENCE NAME public.gestiones_denuncia_id_seq
    START WITH 1
    INCREMENT BY 1
    NO MINVALUE
    NO MAXVALUE
    CACHE 1
);


--
-- Name: gestiones_descargadocumento; Type: TABLE; Schema: public; Owner: postgres
--

CREATE TABLE public.gestiones_descargadocumento (
    id bigint NOT NULL,
    fecha_descarga timestamp with time zone NOT NULL,
    documento_id bigint NOT NULL,
    usuario_id bigint NOT NULL
);


ALTER TABLE public.gestiones_descargadocumento OWNER TO postgres;

--
-- Name: gestiones_descargadocumento_id_seq; Type: SEQUENCE; Schema: public; Owner: postgres
--

ALTER TABLE public.gestiones_descargadocumento ALTER COLUMN id ADD GENERATED BY DEFAULT AS IDENTITY (
    SEQUENCE NAME public.gestiones_descargadocumento_id_seq
    START WITH 1
    INCREMENT BY 1
    NO MINVALUE
    NO MAXVALUE
    CACHE 1
);


--
-- Name: gestiones_documentoempresa; Type: TABLE; Schema: public; Owner: postgres
--

CREATE TABLE public.gestiones_documentoempresa (
    id bigint NOT NULL,
    titulo character varying(255) NOT NULL,
    descripcion text,
    archivo character varying(100) NOT NULL,
    fecha_creacion timestamp with time zone NOT NULL,
    creado_por_id bigint NOT NULL
);


ALTER TABLE public.gestiones_documentoempresa OWNER TO postgres;

--
-- Name: gestiones_documentoempresa_id_seq; Type: SEQUENCE; Schema: public; Owner: postgres
--

ALTER TABLE public.gestiones_documentoempresa ALTER COLUMN id ADD GENERATED BY DEFAULT AS IDENTITY (
    SEQUENCE NAME public.gestiones_documentoempresa_id_seq
    START WITH 1
    INCREMENT BY 1
    NO MINVALUE
    NO MAXVALUE
    CACHE 1
);


--
-- Name: gestiones_empresa; Type: TABLE; Schema: public; Owner: postgres
--

CREATE TABLE public.gestiones_empresa (
    id bigint NOT NULL,
    nombre character varying(255) NOT NULL,
    razon_social character varying(255) NOT NULL,
    rut character varying(12) NOT NULL,
    giro character varying(255) NOT NULL,
    cantidad_personal integer NOT NULL,
    direccion character varying(255) NOT NULL
);


ALTER TABLE public.gestiones_empresa OWNER TO postgres;

--
-- Name: gestiones_empresa_id_seq; Type: SEQUENCE; Schema: public; Owner: postgres
--

ALTER TABLE public.gestiones_empresa ALTER COLUMN id ADD GENERATED BY DEFAULT AS IDENTITY (
    SEQUENCE NAME public.gestiones_empresa_id_seq
    START WITH 1
    INCREMENT BY 1
    NO MINVALUE
    NO MAXVALUE
    CACHE 1
);


--
-- Name: gestiones_evidenciadenuncia; Type: TABLE; Schema: public; Owner: postgres
--

CREATE TABLE public.gestiones_evidenciadenuncia (
    id bigint NOT NULL,
    archivo character varying(100) NOT NULL,
    denuncia_id bigint NOT NULL
);


ALTER TABLE public.gestiones_evidenciadenuncia OWNER TO postgres;

--
-- Name: gestiones_evidenciadenuncia_id_seq; Type: SEQUENCE; Schema: public; Owner: postgres
--

ALTER TABLE public.gestiones_evidenciadenuncia ALTER COLUMN id ADD GENERATED BY DEFAULT AS IDENTITY (
    SEQUENCE NAME public.gestiones_evidenciadenuncia_id_seq
    START WITH 1
    INCREMENT BY 1
    NO MINVALUE
    NO MAXVALUE
    CACHE 1
);


--
-- Name: gestiones_notadenuncia; Type: TABLE; Schema: public; Owner: postgres
--

CREATE TABLE public.gestiones_notadenuncia (
    id bigint NOT NULL,
    nota text NOT NULL,
    fecha_creacion timestamp with time zone NOT NULL,
    denuncia_id bigint NOT NULL,
    usuario_id bigint NOT NULL
);


ALTER TABLE public.gestiones_notadenuncia OWNER TO postgres;

--
-- Name: gestiones_notadenuncia_id_seq; Type: SEQUENCE; Schema: public; Owner: postgres
--

ALTER TABLE public.gestiones_notadenuncia ALTER COLUMN id ADD GENERATED BY DEFAULT AS IDENTITY (
    SEQUENCE NAME public.gestiones_notadenuncia_id_seq
    START WITH 1
    INCREMENT BY 1
    NO MINVALUE
    NO MAXVALUE
    CACHE 1
);


--
-- Name: gestiones_progresoparticipante; Type: TABLE; Schema: public; Owner: postgres
--

CREATE TABLE public.gestiones_progresoparticipante (
    id bigint NOT NULL,
    progreso integer NOT NULL,
    curso_id bigint NOT NULL,
    participante_id bigint NOT NULL,
    CONSTRAINT gestiones_progresoparticipante_progreso_check CHECK ((progreso >= 0))
);


ALTER TABLE public.gestiones_progresoparticipante OWNER TO postgres;

--
-- Name: gestiones_progresoparticipante_id_seq; Type: SEQUENCE; Schema: public; Owner: postgres
--

ALTER TABLE public.gestiones_progresoparticipante ALTER COLUMN id ADD GENERATED BY DEFAULT AS IDENTITY (
    SEQUENCE NAME public.gestiones_progresoparticipante_id_seq
    START WITH 1
    INCREMENT BY 1
    NO MINVALUE
    NO MAXVALUE
    CACHE 1
);


--
-- Name: gestiones_publicacion; Type: TABLE; Schema: public; Owner: postgres
--

CREATE TABLE public.gestiones_publicacion (
    id bigint NOT NULL,
    titulo character varying(255) NOT NULL,
    contenido text NOT NULL,
    fecha_creacion timestamp with time zone NOT NULL,
    autor_id bigint NOT NULL,
    imagen character varying(100)
);


ALTER TABLE public.gestiones_publicacion OWNER TO postgres;

--
-- Name: gestiones_publicacion_id_seq; Type: SEQUENCE; Schema: public; Owner: postgres
--

ALTER TABLE public.gestiones_publicacion ALTER COLUMN id ADD GENERATED BY DEFAULT AS IDENTITY (
    SEQUENCE NAME public.gestiones_publicacion_id_seq
    START WITH 1
    INCREMENT BY 1
    NO MINVALUE
    NO MAXVALUE
    CACHE 1
);


--
-- Name: gestiones_solicitud; Type: TABLE; Schema: public; Owner: postgres
--

CREATE TABLE public.gestiones_solicitud (
    id bigint NOT NULL,
    tipo character varying(50) NOT NULL,
    descripcion text,
    fecha_creacion date NOT NULL,
    fecha_inicio date NOT NULL,
    fecha_fin date NOT NULL,
    estado character varying(50) NOT NULL,
    colaborador_id bigint NOT NULL
);


ALTER TABLE public.gestiones_solicitud OWNER TO postgres;

--
-- Name: gestiones_solicitud_id_seq; Type: SEQUENCE; Schema: public; Owner: postgres
--

ALTER TABLE public.gestiones_solicitud ALTER COLUMN id ADD GENERATED BY DEFAULT AS IDENTITY (
    SEQUENCE NAME public.gestiones_solicitud_id_seq
    START WITH 1
    INCREMENT BY 1
    NO MINVALUE
    NO MAXVALUE
    CACHE 1
);


--
-- Name: gestiones_solicitudvacaciones; Type: TABLE; Schema: public; Owner: postgres
--

CREATE TABLE public.gestiones_solicitudvacaciones (
    id bigint NOT NULL,
    fecha_inicio date NOT NULL,
    fecha_fin date NOT NULL,
    dias_habiles integer NOT NULL,
    estado character varying(20) NOT NULL,
    motivo text,
    fecha_creacion timestamp with time zone NOT NULL,
    colaborador_id bigint NOT NULL
);


ALTER TABLE public.gestiones_solicitudvacaciones OWNER TO postgres;

--
-- Name: gestiones_solicitudvacaciones_id_seq; Type: SEQUENCE; Schema: public; Owner: postgres
--

ALTER TABLE public.gestiones_solicitudvacaciones ALTER COLUMN id ADD GENERATED BY DEFAULT AS IDENTITY (
    SEQUENCE NAME public.gestiones_solicitudvacaciones_id_seq
    START WITH 1
    INCREMENT BY 1
    NO MINVALUE
    NO MAXVALUE
    CACHE 1
);


--
-- Data for Name: auth_group; Type: TABLE DATA; Schema: public; Owner: postgres
--

COPY public.auth_group (id, name) FROM stdin;
1	supervisores
2	colaboradores
\.


--
-- Data for Name: auth_group_permissions; Type: TABLE DATA; Schema: public; Owner: postgres
--

COPY public.auth_group_permissions (id, group_id, permission_id) FROM stdin;
\.


--
-- Data for Name: auth_permission; Type: TABLE DATA; Schema: public; Owner: postgres
--

COPY public.auth_permission (id, name, content_type_id, codename) FROM stdin;
1	Can add log entry	1	add_logentry
2	Can change log entry	1	change_logentry
3	Can delete log entry	1	delete_logentry
4	Can view log entry	1	view_logentry
5	Can add permission	2	add_permission
6	Can change permission	2	change_permission
7	Can delete permission	2	delete_permission
8	Can view permission	2	view_permission
9	Can add group	3	add_group
10	Can change group	3	change_group
11	Can delete group	3	delete_group
12	Can view group	3	view_group
13	Can add content type	4	add_contenttype
14	Can change content type	4	change_contenttype
15	Can delete content type	4	delete_contenttype
16	Can view content type	4	view_contenttype
17	Can add session	5	add_session
18	Can change session	5	change_session
19	Can delete session	5	delete_session
20	Can view session	5	view_session
21	Can add empresa	6	add_empresa
22	Can change empresa	6	change_empresa
23	Can delete empresa	6	delete_empresa
24	Can view empresa	6	view_empresa
25	Can add user	7	add_customuser
26	Can change user	7	change_customuser
27	Can delete user	7	delete_customuser
28	Can view user	7	view_customuser
29	Can add asistencia	8	add_asistencia
30	Can change asistencia	8	change_asistencia
31	Can delete asistencia	8	delete_asistencia
32	Can view asistencia	8	view_asistencia
33	Can add carga familiar	9	add_cargafamiliar
34	Can change carga familiar	9	change_cargafamiliar
35	Can delete carga familiar	9	delete_cargafamiliar
36	Can view carga familiar	9	view_cargafamiliar
37	Can add solicitud	10	add_solicitud
38	Can change solicitud	10	change_solicitud
39	Can delete solicitud	10	delete_solicitud
40	Can view solicitud	10	view_solicitud
41	Can add curso	11	add_curso
42	Can change curso	11	change_curso
43	Can delete curso	11	delete_curso
44	Can view curso	11	view_curso
45	Can add modulo	12	add_modulo
46	Can change modulo	12	change_modulo
47	Can delete modulo	12	delete_modulo
48	Can view modulo	12	view_modulo
49	Can add comentario	13	add_comentario
50	Can change comentario	13	change_comentario
51	Can delete comentario	13	delete_comentario
52	Can view comentario	13	view_comentario
53	Can add beneficio	14	add_beneficio
54	Can change beneficio	14	change_beneficio
55	Can delete beneficio	14	delete_beneficio
56	Can view beneficio	14	view_beneficio
57	Can add area	15	add_area
58	Can change area	15	change_area
59	Can delete area	15	delete_area
60	Can view area	15	view_area
61	Can add denuncia	16	add_denuncia
62	Can change denuncia	16	change_denuncia
63	Can delete denuncia	16	delete_denuncia
64	Can view denuncia	16	view_denuncia
65	Can add nota denuncia	17	add_notadenuncia
66	Can change nota denuncia	17	change_notadenuncia
67	Can delete nota denuncia	17	delete_notadenuncia
68	Can view nota denuncia	17	view_notadenuncia
69	Can add evidencia denuncia	18	add_evidenciadenuncia
70	Can change evidencia denuncia	18	change_evidenciadenuncia
71	Can delete evidencia denuncia	18	delete_evidenciadenuncia
72	Can view evidencia denuncia	18	view_evidenciadenuncia
73	Can add historial denuncia	19	add_historialdenuncia
74	Can change historial denuncia	19	change_historialdenuncia
75	Can delete historial denuncia	19	delete_historialdenuncia
76	Can view historial denuncia	19	view_historialdenuncia
77	Can add publicacion	20	add_publicacion
78	Can change publicacion	20	change_publicacion
79	Can delete publicacion	20	delete_publicacion
80	Can view publicacion	20	view_publicacion
81	Can add documento empresa	21	add_documentoempresa
82	Can change documento empresa	21	change_documentoempresa
83	Can delete documento empresa	21	delete_documentoempresa
84	Can view documento empresa	21	view_documentoempresa
85	Can add solicitud vacaciones	22	add_solicitudvacaciones
86	Can change solicitud vacaciones	22	change_solicitudvacaciones
87	Can delete solicitud vacaciones	22	delete_solicitudvacaciones
88	Can view solicitud vacaciones	22	view_solicitudvacaciones
89	Can add documento descargado	23	add_documentodescargado
90	Can change documento descargado	23	change_documentodescargado
91	Can delete documento descargado	23	delete_documentodescargado
92	Can view documento descargado	23	view_documentodescargado
93	Can add descarga documento	24	add_descargadocumento
94	Can change descarga documento	24	change_descargadocumento
95	Can delete descarga documento	24	delete_descargadocumento
96	Can view descarga documento	24	view_descargadocumento
97	Can add contacto emergencia	25	add_contactoemergencia
98	Can change contacto emergencia	25	change_contactoemergencia
99	Can delete contacto emergencia	25	delete_contactoemergencia
100	Can view contacto emergencia	25	view_contactoemergencia
101	Can add progreso participante	26	add_progresoparticipante
102	Can change progreso participante	26	change_progresoparticipante
103	Can delete progreso participante	26	delete_progresoparticipante
104	Can view progreso participante	26	view_progresoparticipante
\.


--
-- Data for Name: django_admin_log; Type: TABLE DATA; Schema: public; Owner: postgres
--

COPY public.django_admin_log (id, action_time, object_id, object_repr, action_flag, change_message, content_type_id, user_id) FROM stdin;
1	2024-11-26 19:27:04.84965-03	1	Cesta SPA	1	[{"added": {}}]	6	1
2	2024-11-26 19:27:45.139843-03	2	consorcio	1	[{"added": {}}]	6	1
3	2024-11-26 19:27:57.235513-03	1	Recursos Humanos - Cesta SPA	1	[{"added": {}}]	15	1
4	2024-11-26 19:28:05.597974-03	2	TI - Cesta SPA	1	[{"added": {}}]	15	1
5	2024-11-26 19:28:15.226865-03	3	Operaciones - Cesta SPA	1	[{"added": {}}]	15	1
6	2024-11-26 19:28:25.284494-03	4	Recursos Humanos - consorcio	1	[{"added": {}}]	15	1
7	2024-11-26 19:28:32.667036-03	5	TI - consorcio	1	[{"added": {}}]	15	1
8	2024-11-26 19:28:41.997087-03	6	Operaciones - consorcio	1	[{"added": {}}]	15	1
9	2024-11-26 19:29:32.181168-03	1	supervisores	1	[{"added": {}}]	3	1
10	2024-11-26 19:29:41.19232-03	2	colaboradores	1	[{"added": {}}]	3	1
11	2024-11-26 19:30:10.89618-03	2	comodincesta	1	[{"added": {}}]	7	1
12	2024-11-26 19:30:36.864134-03	3	comodinconsorcio	1	[{"added": {}}]	7	1
13	2024-11-26 19:31:00.416179-03	3	comodinconsorcio	2	[{"changed": {"fields": ["Empresa", "Area", "Groups"]}}]	7	1
14	2024-12-03 20:08:40.444737-03	2	admincesta	2	[{"changed": {"fields": ["Username"]}}]	7	1
15	2024-12-03 20:08:51.607388-03	3	adminconsorcio	2	[{"changed": {"fields": ["Username"]}}]	7	1
16	2024-12-09 19:40:30.951167-03	2	consorcio	3		6	1
17	2024-12-09 19:40:30.951324-03	1	Cesta SPA	3		6	1
18	2024-12-09 19:43:28.696936-03	3	Cesta	1	[{"added": {}}, {"added": {"name": "area", "object": "Recursos Humanos - Cesta"}}, {"added": {"name": "area", "object": "TI - Cesta"}}, {"added": {"name": "area", "object": "L\\u00f3gistica - Cesta"}}, {"added": {"name": "area", "object": "Ventas - Cesta"}}, {"added": {"name": "area", "object": "Operaciones - Cesta"}}, {"added": {"name": "area", "object": "Contabilidad - Cesta"}}, {"added": {"name": "area", "object": "Marketing - Cesta"}}]	6	1
19	2024-12-09 19:44:55.761059-03	4	Empresa 1	1	[{"added": {}}, {"added": {"name": "area", "object": "Recursos Humanos - Empresa 1"}}, {"added": {"name": "area", "object": "TI - Empresa 1"}}, {"added": {"name": "area", "object": "Contabilidad - Empresa 1"}}, {"added": {"name": "area", "object": "Operaciones - Empresa 1"}}, {"added": {"name": "area", "object": "L\\u00f3gistica - Empresa 1"}}, {"added": {"name": "area", "object": "Comercio Exterior - Empresa 1"}}]	6	1
20	2024-12-09 19:45:42.625934-03	12	admincesta	1	[{"added": {}}]	7	1
21	2024-12-09 19:46:21.29321-03	13	adminempresa1	1	[{"added": {}}]	7	1
\.


--
-- Data for Name: django_content_type; Type: TABLE DATA; Schema: public; Owner: postgres
--

COPY public.django_content_type (id, app_label, model) FROM stdin;
1	admin	logentry
2	auth	permission
3	auth	group
4	contenttypes	contenttype
5	sessions	session
6	gestiones	empresa
7	gestiones	customuser
8	gestiones	asistencia
9	gestiones	cargafamiliar
10	gestiones	solicitud
11	gestiones	curso
12	gestiones	modulo
13	gestiones	comentario
14	gestiones	beneficio
15	gestiones	area
16	gestiones	denuncia
17	gestiones	notadenuncia
18	gestiones	evidenciadenuncia
19	gestiones	historialdenuncia
20	gestiones	publicacion
21	gestiones	documentoempresa
22	gestiones	solicitudvacaciones
23	gestiones	documentodescargado
24	gestiones	descargadocumento
25	gestiones	contactoemergencia
26	gestiones	progresoparticipante
\.


--
-- Data for Name: django_migrations; Type: TABLE DATA; Schema: public; Owner: postgres
--

COPY public.django_migrations (id, app, name, applied) FROM stdin;
1	contenttypes	0001_initial	2024-11-26 19:24:59.409415-03
2	contenttypes	0002_remove_content_type_name	2024-11-26 19:24:59.420584-03
3	auth	0001_initial	2024-11-26 19:24:59.480647-03
4	auth	0002_alter_permission_name_max_length	2024-11-26 19:24:59.488326-03
5	auth	0003_alter_user_email_max_length	2024-11-26 19:24:59.493605-03
6	auth	0004_alter_user_username_opts	2024-11-26 19:24:59.502806-03
7	auth	0005_alter_user_last_login_null	2024-11-26 19:24:59.510234-03
8	auth	0006_require_contenttypes_0002	2024-11-26 19:24:59.512338-03
9	auth	0007_alter_validators_add_error_messages	2024-11-26 19:24:59.518916-03
10	auth	0008_alter_user_username_max_length	2024-11-26 19:24:59.526124-03
11	auth	0009_alter_user_last_name_max_length	2024-11-26 19:24:59.532252-03
12	auth	0010_alter_group_name_max_length	2024-11-26 19:24:59.543826-03
13	auth	0011_update_proxy_permissions	2024-11-26 19:24:59.551343-03
14	auth	0012_alter_user_first_name_max_length	2024-11-26 19:24:59.556343-03
15	gestiones	0001_initial	2024-11-26 19:24:59.780068-03
16	admin	0001_initial	2024-11-26 19:24:59.870391-03
17	admin	0002_logentry_remove_auto_add	2024-11-26 19:24:59.883409-03
18	admin	0003_logentry_add_action_flag_choices	2024-11-26 19:24:59.895551-03
19	gestiones	0002_alter_customuser_rut	2024-11-26 19:24:59.912727-03
20	gestiones	0003_customuser_direccion_customuser_edad_and_more	2024-11-26 19:24:59.97974-03
21	gestiones	0004_alter_customuser_salud	2024-11-26 19:24:59.996237-03
22	gestiones	0005_remove_customuser_edad_customuser_fecha_nacimiento	2024-11-26 19:25:00.035359-03
23	gestiones	0006_alter_cargafamiliar_fecha_nacimiento	2024-11-26 19:25:00.049814-03
24	gestiones	0007_remove_comentario_modulo_remove_comentario_usuario_and_more	2024-11-26 19:25:00.149495-03
25	gestiones	0008_curso_modulo_comentario	2024-11-26 19:25:00.243282-03
26	gestiones	0009_beneficio	2024-11-26 19:25:00.267735-03
27	gestiones	0010_rename_nombre_beneficio_titulo_and_more	2024-11-26 19:25:00.318066-03
28	gestiones	0011_comentario_fecha	2024-11-26 19:25:00.334487-03
29	gestiones	0012_customuser_afp	2024-11-26 19:25:00.351927-03
30	gestiones	0013_area_customuser_area	2024-11-26 19:25:00.395237-03
31	gestiones	0014_denuncia	2024-11-26 19:25:00.428579-03
32	gestiones	0015_notadenuncia	2024-11-26 19:25:00.462873-03
33	gestiones	0016_denuncia_estado_denuncia_fecha_limite_and_more	2024-11-26 19:25:00.570993-03
34	gestiones	0017_publicacion	2024-11-26 19:25:00.598023-03
35	gestiones	0018_publicacion_imagen	2024-11-26 19:25:00.620973-03
36	gestiones	0019_liquidacion_a├▒o_liquidacion_mes	2024-11-26 19:25:00.668269-03
37	gestiones	0020_documentoempresa	2024-11-26 19:25:00.704951-03
38	gestiones	0021_delete_liquidacion	2024-11-26 19:25:00.709029-03
39	gestiones	0022_customuser_dias_vacaciones_disponibles_and_more	2024-11-26 19:25:00.775052-03
40	gestiones	0023_remove_customuser_dias_vacaciones_disponibles_and_more	2024-11-26 19:25:00.804112-03
41	gestiones	0024_solicitudvacaciones	2024-11-26 19:25:00.840195-03
42	gestiones	0025_solicitudvacaciones_descripcion	2024-11-26 19:25:00.863101-03
43	gestiones	0026_alter_solicitud_tipo	2024-11-26 19:25:00.887534-03
44	gestiones	0027_alter_solicitud_tipo_delete_solicitudvacaciones	2024-11-26 19:25:00.909184-03
45	gestiones	0028_alter_solicitud_tipo	2024-11-26 19:25:00.930558-03
46	gestiones	0029_solicitudvacaciones	2024-11-26 19:25:00.969683-03
47	sessions	0001_initial	2024-11-26 19:25:00.987864-03
48	gestiones	0030_documentodescargado	2024-12-01 00:36:46.292929-03
49	gestiones	0002_documentodescargado_archivo	2024-12-02 22:29:11.833989-03
50	gestiones	0003_descargadocumento_delete_documentodescargado	2024-12-02 22:29:11.974406-03
51	gestiones	0004_cargafamiliar_archivo_cargafamiliar_tipo_certificado	2024-12-02 22:29:12.054825-03
52	gestiones	0005_customuser_genero	2024-12-02 23:34:08.083909-03
53	gestiones	0006_customuser_alergia_medicamento_and_more	2024-12-02 23:51:54.00017-03
54	gestiones	0007_remove_customuser_alergia_medicamento_and_more	2024-12-02 23:56:54.719968-03
55	gestiones	0008_customuser_segundo_apellido_and_more	2024-12-03 19:48:36.009376-03
56	gestiones	0009_customuser_certificado_afp_and_more	2024-12-05 23:52:35.59368-03
57	gestiones	0010_remove_curso_participantes_progresoparticipante	2024-12-06 16:21:37.015592-03
58	gestiones	0011_curso_participantes	2024-12-06 16:21:37.122059-03
59	gestiones	0012_remove_modulo_curso_delete_comentario_delete_modulo	2024-12-06 16:21:37.260967-03
60	gestiones	0013_remove_historialdenuncia_denuncia_and_more	2024-12-06 16:21:37.435861-03
\.


--
-- Data for Name: django_session; Type: TABLE DATA; Schema: public; Owner: postgres
--

COPY public.django_session (session_key, session_data, expire_date) FROM stdin;
0hctvzooiql0obwl4sf6kzza9qoamjds	.eJxVjDsOwjAQRO_iGln-beKlpM8ZrPUPB5AtxUmFuDuJlAKKaea9mTdztK3FbT0tbo7syqRll9_SU3imepD4oHpvPLS6LrPnh8JP2vnUYnrdTvfvoFAv-1p5PQxgsgBtgPZoUgZwRAEKs5UIIWYpgLK3xpskfEwkEIMYA4JN7PMF1dQ3Uw:1tKr69:xesl3VyG9KR73Ld7iKUT0tfztloA1wMePEUoRJyon9E	2024-12-24 00:39:45.435427-03
y9spkm4hwpwiki9jnaijz1ehd0ojmy5e	.eJxVjDsOwjAQBe_iGln-rBcvJX3OYPmzwgFkS3FSIe4OkVJA-2bmvUSI21rDNngJcxEXAeL0u6WYH9x2UO6x3brMva3LnOSuyIMOOfXCz-vh_h3UOOq3RvJZWaBkUBMD4TkjGrCkLSVvlSFXtHIeIbkCCaPVDCp6Q9mzIRbvD5r6Nj0:1tJdu5:tBZxhHSZpXmWRy-eZEyB8G1hXT_8Op4l1aAgD8WTLPM	2024-12-20 16:22:17.727472-03
\.


--
-- Data for Name: gestiones_area; Type: TABLE DATA; Schema: public; Owner: postgres
--

COPY public.gestiones_area (id, nombre, empresa_id) FROM stdin;
7	Recursos Humanos	3
8	TI	3
9	L├│gistica	3
10	Ventas	3
11	Operaciones	3
12	Contabilidad	3
13	Marketing	3
14	Recursos Humanos	4
15	TI	4
16	Contabilidad	4
17	Operaciones	4
18	L├│gistica	4
19	Comercio Exterior	4
\.


--
-- Data for Name: gestiones_asistencia; Type: TABLE DATA; Schema: public; Owner: postgres
--

COPY public.gestiones_asistencia (id, fecha, hora_entrada, hora_salida, colaborador_id) FROM stdin;
9	2024-12-09	22:54:34.56359	22:54:44.054921	19
10	2024-01-02	08:30:00	17:30:00	15
11	2024-01-03	08:30:00	17:30:00	15
12	2024-01-04	08:30:00	17:30:00	15
13	2024-01-05	08:30:00	17:30:00	15
14	2024-01-08	08:30:00	17:30:00	15
15	2024-01-09	08:30:00	17:30:00	15
16	2024-01-10	08:30:00	17:30:00	15
17	2024-01-11	08:30:00	17:30:00	15
18	2024-01-12	08:30:00	17:30:00	15
19	2024-01-15	08:30:00	17:30:00	15
20	2024-01-16	08:30:00	17:30:00	15
21	2024-01-17	08:30:00	17:30:00	15
22	2024-01-18	08:30:00	17:30:00	15
23	2024-01-19	08:30:00	17:30:00	15
24	2024-01-22	08:30:00	17:30:00	15
25	2024-01-23	08:30:00	17:30:00	15
26	2024-01-24	08:30:00	17:30:00	15
27	2024-01-25	08:30:00	17:30:00	15
28	2024-01-26	08:30:00	17:30:00	15
29	2024-01-29	08:30:00	17:30:00	15
30	2024-01-30	08:30:00	17:30:00	15
31	2024-01-31	08:30:00	17:30:00	15
32	2024-02-01	08:30:00	17:30:00	15
33	2024-02-02	08:30:00	17:30:00	15
34	2024-02-05	08:30:00	17:30:00	15
35	2024-02-06	08:30:00	17:30:00	15
36	2024-02-07	08:30:00	17:30:00	15
37	2024-02-08	08:30:00	17:30:00	15
38	2024-02-09	08:30:00	17:30:00	15
39	2024-02-12	08:30:00	17:30:00	15
40	2024-02-13	08:30:00	17:30:00	15
41	2024-02-14	08:30:00	17:30:00	15
42	2024-02-15	08:30:00	17:30:00	15
43	2024-02-16	08:30:00	17:30:00	15
44	2024-02-19	08:30:00	17:30:00	15
45	2024-02-20	08:30:00	17:30:00	15
46	2024-02-21	08:30:00	17:30:00	15
47	2024-02-22	08:30:00	17:30:00	15
48	2024-02-23	08:30:00	17:30:00	15
49	2024-02-26	08:30:00	17:30:00	15
50	2024-02-27	08:30:00	17:30:00	15
51	2024-02-28	08:30:00	17:30:00	15
52	2024-02-29	08:30:00	17:30:00	15
53	2024-03-01	08:30:00	17:30:00	15
54	2024-03-04	08:30:00	17:30:00	15
55	2024-03-05	08:30:00	17:30:00	15
56	2024-03-06	08:30:00	17:30:00	15
57	2024-03-07	08:30:00	17:30:00	15
58	2024-03-08	08:30:00	17:30:00	15
59	2024-03-11	08:30:00	17:30:00	15
60	2024-03-12	08:30:00	17:30:00	15
61	2024-03-13	08:30:00	17:30:00	15
62	2024-03-14	08:30:00	17:30:00	15
63	2024-03-15	08:30:00	17:30:00	15
64	2024-03-18	08:30:00	17:30:00	15
65	2024-03-19	08:30:00	17:30:00	15
66	2024-03-20	08:30:00	17:30:00	15
67	2024-03-21	08:30:00	17:30:00	15
68	2024-03-22	08:30:00	17:30:00	15
69	2024-03-25	08:30:00	17:30:00	15
70	2024-03-26	08:30:00	17:30:00	15
71	2024-03-27	08:30:00	17:30:00	15
72	2024-03-28	08:30:00	17:30:00	15
73	2024-03-29	08:30:00	17:30:00	15
74	2024-04-01	08:30:00	17:30:00	15
75	2024-04-02	08:30:00	17:30:00	15
76	2024-04-03	08:30:00	17:30:00	15
77	2024-04-04	08:30:00	17:30:00	15
78	2024-04-05	08:30:00	17:30:00	15
79	2024-04-08	08:30:00	17:30:00	15
80	2024-04-09	08:30:00	17:30:00	15
81	2024-04-10	08:30:00	17:30:00	15
82	2024-04-11	08:30:00	17:30:00	15
83	2024-04-12	08:30:00	17:30:00	15
84	2024-04-15	08:30:00	17:30:00	15
85	2024-04-16	08:30:00	17:30:00	15
86	2024-04-17	08:30:00	17:30:00	15
87	2024-04-18	08:30:00	17:30:00	15
88	2024-04-19	08:30:00	17:30:00	15
89	2024-04-22	08:30:00	17:30:00	15
90	2024-04-23	08:30:00	17:30:00	15
91	2024-04-24	08:30:00	17:30:00	15
92	2024-04-25	08:30:00	17:30:00	15
93	2024-04-26	08:30:00	17:30:00	15
94	2024-04-29	08:30:00	17:30:00	15
95	2024-04-30	08:30:00	17:30:00	15
96	2024-05-01	08:30:00	17:30:00	15
97	2024-05-02	08:30:00	17:30:00	15
98	2024-05-03	08:30:00	17:30:00	15
99	2024-05-06	08:30:00	17:30:00	15
100	2024-05-07	08:30:00	17:30:00	15
101	2024-05-08	08:30:00	17:30:00	15
102	2024-05-09	08:30:00	17:30:00	15
103	2024-05-10	08:30:00	17:30:00	15
104	2024-05-13	08:30:00	17:30:00	15
105	2024-05-14	08:30:00	17:30:00	15
106	2024-05-15	08:30:00	17:30:00	15
107	2024-05-16	08:30:00	17:30:00	15
108	2024-05-17	08:30:00	17:30:00	15
109	2024-05-20	08:30:00	17:30:00	15
110	2024-05-21	08:30:00	17:30:00	15
111	2024-05-22	08:30:00	17:30:00	15
112	2024-05-23	08:30:00	17:30:00	15
113	2024-05-24	08:30:00	17:30:00	15
114	2024-05-27	08:30:00	17:30:00	15
115	2024-05-28	08:30:00	17:30:00	15
116	2024-05-29	08:30:00	17:30:00	15
117	2024-05-30	08:30:00	17:30:00	15
118	2024-05-31	08:30:00	17:30:00	15
119	2024-06-03	08:30:00	17:30:00	15
120	2024-06-04	08:30:00	17:30:00	15
121	2024-06-05	08:30:00	17:30:00	15
122	2024-06-06	08:30:00	17:30:00	15
123	2024-06-07	08:30:00	17:30:00	15
124	2024-06-10	08:30:00	17:30:00	15
125	2024-06-11	08:30:00	17:30:00	15
126	2024-06-12	08:30:00	17:30:00	15
127	2024-06-13	08:30:00	17:30:00	15
128	2024-06-14	08:30:00	17:30:00	15
129	2024-06-17	08:30:00	17:30:00	15
130	2024-06-18	08:30:00	17:30:00	15
131	2024-06-19	08:30:00	17:30:00	15
132	2024-06-20	08:30:00	17:30:00	15
133	2024-06-21	08:30:00	17:30:00	15
134	2024-06-24	08:30:00	17:30:00	15
135	2024-06-25	08:30:00	17:30:00	15
136	2024-06-26	08:30:00	17:30:00	15
137	2024-06-27	08:30:00	17:30:00	15
138	2024-06-28	08:30:00	17:30:00	15
139	2024-07-01	08:30:00	17:30:00	15
140	2024-07-02	08:30:00	17:30:00	15
141	2024-07-03	08:30:00	17:30:00	15
142	2024-07-04	08:30:00	17:30:00	15
143	2024-07-05	08:30:00	17:30:00	15
144	2024-07-08	08:30:00	17:30:00	15
145	2024-07-09	08:30:00	17:30:00	15
146	2024-07-10	08:30:00	17:30:00	15
147	2024-07-11	08:30:00	17:30:00	15
148	2024-07-12	08:30:00	17:30:00	15
149	2024-07-15	08:30:00	17:30:00	15
150	2024-07-16	08:30:00	17:30:00	15
151	2024-07-17	08:30:00	17:30:00	15
152	2024-07-18	08:30:00	17:30:00	15
153	2024-07-19	08:30:00	17:30:00	15
154	2024-07-22	08:30:00	17:30:00	15
155	2024-07-23	08:30:00	17:30:00	15
156	2024-07-24	08:30:00	17:30:00	15
157	2024-07-25	08:30:00	17:30:00	15
158	2024-07-26	08:30:00	17:30:00	15
159	2024-07-29	08:30:00	17:30:00	15
160	2024-07-30	08:30:00	17:30:00	15
161	2024-07-31	08:30:00	17:30:00	15
162	2024-08-01	08:30:00	17:30:00	15
163	2024-08-02	08:30:00	17:30:00	15
164	2024-08-05	08:30:00	17:30:00	15
165	2024-08-06	08:30:00	17:30:00	15
166	2024-08-07	08:30:00	17:30:00	15
167	2024-08-08	08:30:00	17:30:00	15
168	2024-08-09	08:30:00	17:30:00	15
169	2024-08-12	08:30:00	17:30:00	15
170	2024-08-13	08:30:00	17:30:00	15
171	2024-08-14	08:30:00	17:30:00	15
172	2024-08-15	08:30:00	17:30:00	15
173	2024-08-16	08:30:00	17:30:00	15
174	2024-08-19	08:30:00	17:30:00	15
175	2024-08-20	08:30:00	17:30:00	15
176	2024-08-21	08:30:00	17:30:00	15
177	2024-08-22	08:30:00	17:30:00	15
178	2024-08-23	08:30:00	17:30:00	15
179	2024-08-26	08:30:00	17:30:00	15
180	2024-08-27	08:30:00	17:30:00	15
181	2024-08-28	08:30:00	17:30:00	15
182	2024-08-29	08:30:00	17:30:00	15
183	2024-08-30	08:30:00	17:30:00	15
184	2024-09-02	08:30:00	17:30:00	15
185	2024-09-03	08:30:00	17:30:00	15
186	2024-09-04	08:30:00	17:30:00	15
187	2024-09-05	08:30:00	17:30:00	15
188	2024-09-06	08:30:00	17:30:00	15
189	2024-09-09	08:30:00	17:30:00	15
190	2024-09-10	08:30:00	17:30:00	15
191	2024-09-11	08:30:00	17:30:00	15
192	2024-09-12	08:30:00	17:30:00	15
193	2024-09-13	08:30:00	17:30:00	15
194	2024-09-16	08:30:00	17:30:00	15
195	2024-09-17	08:30:00	17:30:00	15
196	2024-09-18	08:30:00	17:30:00	15
197	2024-09-19	08:30:00	17:30:00	15
198	2024-09-20	08:30:00	17:30:00	15
199	2024-09-23	08:30:00	17:30:00	15
200	2024-09-24	08:30:00	17:30:00	15
201	2024-09-25	08:30:00	17:30:00	15
202	2024-09-26	08:30:00	17:30:00	15
203	2024-09-27	08:30:00	17:30:00	15
204	2024-09-30	08:30:00	17:30:00	15
205	2024-10-01	08:30:00	17:30:00	15
206	2024-10-02	08:30:00	17:30:00	15
207	2024-10-03	08:30:00	17:30:00	15
208	2024-10-04	08:30:00	17:30:00	15
209	2024-10-07	08:30:00	17:30:00	15
210	2024-10-08	08:30:00	17:30:00	15
211	2024-10-09	08:30:00	17:30:00	15
212	2024-10-10	08:30:00	17:30:00	15
213	2024-10-11	08:30:00	17:30:00	15
214	2024-10-14	08:30:00	17:30:00	15
215	2024-10-15	08:30:00	17:30:00	15
216	2024-10-16	08:30:00	17:30:00	15
217	2024-10-17	08:30:00	17:30:00	15
218	2024-10-18	08:30:00	17:30:00	15
219	2024-10-21	08:30:00	17:30:00	15
220	2024-10-22	08:30:00	17:30:00	15
221	2024-10-23	08:30:00	17:30:00	15
222	2024-10-24	08:30:00	17:30:00	15
223	2024-10-25	08:30:00	17:30:00	15
224	2024-10-28	08:30:00	17:30:00	15
225	2024-10-29	08:30:00	17:30:00	15
226	2024-10-30	08:30:00	17:30:00	15
227	2024-10-31	08:30:00	17:30:00	15
228	2024-11-01	08:30:00	17:30:00	15
229	2024-11-04	08:30:00	17:30:00	15
230	2024-11-05	08:30:00	17:30:00	15
231	2024-11-06	08:30:00	17:30:00	15
232	2024-11-07	08:30:00	17:30:00	15
233	2024-11-08	08:30:00	17:30:00	15
234	2024-11-11	08:30:00	17:30:00	15
235	2024-11-12	08:30:00	17:30:00	15
236	2024-11-13	08:30:00	17:30:00	15
237	2024-11-14	08:30:00	17:30:00	15
238	2024-11-15	08:30:00	17:30:00	15
239	2024-11-18	08:30:00	17:30:00	15
240	2024-11-19	08:30:00	17:30:00	15
241	2024-11-20	08:30:00	17:30:00	15
242	2024-11-21	08:30:00	17:30:00	15
243	2024-11-22	08:30:00	17:30:00	15
244	2024-11-25	08:30:00	17:30:00	15
245	2024-11-26	08:30:00	17:30:00	15
246	2024-11-27	08:30:00	17:30:00	15
247	2024-11-28	08:30:00	17:30:00	15
248	2024-11-29	08:30:00	17:30:00	15
267	2024-12-02	08:30:00	17:30:00	15
268	2024-12-03	08:30:00	17:30:00	15
269	2024-12-04	08:30:00	17:30:00	15
270	2024-12-05	08:30:00	17:30:00	15
271	2024-12-06	08:30:00	17:30:00	15
272	2024-12-09	08:30:00	17:30:00	15
273	2024-01-02	08:30:00	17:30:00	16
274	2024-01-03	08:30:00	17:30:00	16
275	2024-01-04	08:30:00	17:30:00	16
276	2024-01-05	08:30:00	17:30:00	16
277	2024-01-08	08:30:00	17:30:00	16
278	2024-01-09	08:30:00	17:30:00	16
279	2024-01-10	08:30:00	17:30:00	16
280	2024-01-11	08:30:00	17:30:00	16
281	2024-01-12	08:30:00	17:30:00	16
282	2024-01-15	08:30:00	17:30:00	16
283	2024-01-16	08:30:00	17:30:00	16
284	2024-01-17	08:30:00	17:30:00	16
285	2024-01-18	08:30:00	17:30:00	16
286	2024-01-19	08:30:00	17:30:00	16
287	2024-01-22	08:30:00	17:30:00	16
288	2024-01-23	08:30:00	17:30:00	16
289	2024-01-24	08:30:00	17:30:00	16
290	2024-01-25	08:30:00	17:30:00	16
291	2024-01-26	08:30:00	17:30:00	16
292	2024-01-29	08:30:00	17:30:00	16
293	2024-01-30	08:30:00	17:30:00	16
294	2024-01-31	08:30:00	17:30:00	16
295	2024-02-01	08:30:00	17:30:00	16
296	2024-02-02	08:30:00	17:30:00	16
297	2024-02-05	08:30:00	17:30:00	16
298	2024-02-06	08:30:00	17:30:00	16
299	2024-02-07	08:30:00	17:30:00	16
300	2024-02-08	08:30:00	17:30:00	16
301	2024-02-09	08:30:00	17:30:00	16
302	2024-02-12	08:30:00	17:30:00	16
303	2024-02-13	08:30:00	17:30:00	16
304	2024-02-14	08:30:00	17:30:00	16
305	2024-02-15	08:30:00	17:30:00	16
306	2024-02-16	08:30:00	17:30:00	16
307	2024-02-19	08:30:00	17:30:00	16
308	2024-02-20	08:30:00	17:30:00	16
309	2024-02-21	08:30:00	17:30:00	16
310	2024-02-22	08:30:00	17:30:00	16
311	2024-02-23	08:30:00	17:30:00	16
312	2024-02-26	08:30:00	17:30:00	16
313	2024-02-27	08:30:00	17:30:00	16
314	2024-02-28	08:30:00	17:30:00	16
315	2024-02-29	08:30:00	17:30:00	16
316	2024-03-01	08:30:00	17:30:00	16
317	2024-03-04	08:30:00	17:30:00	16
318	2024-03-05	08:30:00	17:30:00	16
319	2024-03-06	08:30:00	17:30:00	16
320	2024-03-07	08:30:00	17:30:00	16
321	2024-03-08	08:30:00	17:30:00	16
322	2024-03-11	08:30:00	17:30:00	16
323	2024-03-12	08:30:00	17:30:00	16
324	2024-03-13	08:30:00	17:30:00	16
325	2024-03-14	08:30:00	17:30:00	16
326	2024-03-15	08:30:00	17:30:00	16
327	2024-03-18	08:30:00	17:30:00	16
328	2024-03-19	08:30:00	17:30:00	16
329	2024-03-20	08:30:00	17:30:00	16
330	2024-03-21	08:30:00	17:30:00	16
331	2024-03-22	08:30:00	17:30:00	16
332	2024-03-25	08:30:00	17:30:00	16
333	2024-03-26	08:30:00	17:30:00	16
334	2024-03-27	08:30:00	17:30:00	16
335	2024-03-28	08:30:00	17:30:00	16
336	2024-03-29	08:30:00	17:30:00	16
337	2024-04-01	08:30:00	17:30:00	16
338	2024-04-02	08:30:00	17:30:00	16
339	2024-04-03	08:30:00	17:30:00	16
340	2024-04-04	08:30:00	17:30:00	16
341	2024-04-05	08:30:00	17:30:00	16
342	2024-04-08	08:30:00	17:30:00	16
343	2024-04-09	08:30:00	17:30:00	16
344	2024-04-10	08:30:00	17:30:00	16
345	2024-04-11	08:30:00	17:30:00	16
346	2024-04-12	08:30:00	17:30:00	16
347	2024-04-15	08:30:00	17:30:00	16
348	2024-04-16	08:30:00	17:30:00	16
349	2024-04-17	08:30:00	17:30:00	16
350	2024-04-18	08:30:00	17:30:00	16
351	2024-04-19	08:30:00	17:30:00	16
352	2024-04-22	08:30:00	17:30:00	16
353	2024-04-23	08:30:00	17:30:00	16
354	2024-04-24	08:30:00	17:30:00	16
355	2024-04-25	08:30:00	17:30:00	16
356	2024-04-26	08:30:00	17:30:00	16
357	2024-04-29	08:30:00	17:30:00	16
358	2024-04-30	08:30:00	17:30:00	16
359	2024-05-02	08:30:00	17:30:00	16
360	2024-05-03	08:30:00	17:30:00	16
361	2024-05-06	08:30:00	17:30:00	16
362	2024-05-07	08:30:00	17:30:00	16
363	2024-05-08	08:30:00	17:30:00	16
364	2024-05-09	08:30:00	17:30:00	16
365	2024-05-10	08:30:00	17:30:00	16
366	2024-05-13	08:30:00	17:30:00	16
367	2024-05-14	08:30:00	17:30:00	16
368	2024-05-15	08:30:00	17:30:00	16
369	2024-05-16	08:30:00	17:30:00	16
370	2024-05-17	08:30:00	17:30:00	16
371	2024-05-20	08:30:00	17:30:00	16
372	2024-05-21	08:30:00	17:30:00	16
373	2024-05-22	08:30:00	17:30:00	16
374	2024-05-23	08:30:00	17:30:00	16
375	2024-05-24	08:30:00	17:30:00	16
376	2024-05-27	08:30:00	17:30:00	16
377	2024-05-28	08:30:00	17:30:00	16
378	2024-05-29	08:30:00	17:30:00	16
379	2024-05-30	08:30:00	17:30:00	16
380	2024-05-31	08:30:00	17:30:00	16
381	2024-06-03	08:30:00	17:30:00	16
382	2024-06-04	08:30:00	17:30:00	16
383	2024-06-05	08:30:00	17:30:00	16
384	2024-06-06	08:30:00	17:30:00	16
385	2024-06-07	08:30:00	17:30:00	16
386	2024-06-10	08:30:00	17:30:00	16
387	2024-06-11	08:30:00	17:30:00	16
388	2024-06-12	08:30:00	17:30:00	16
389	2024-06-13	08:30:00	17:30:00	16
390	2024-06-14	08:30:00	17:30:00	16
391	2024-06-17	08:30:00	17:30:00	16
392	2024-06-18	08:30:00	17:30:00	16
393	2024-06-19	08:30:00	17:30:00	16
394	2024-06-20	08:30:00	17:30:00	16
395	2024-06-21	08:30:00	17:30:00	16
396	2024-06-24	08:30:00	17:30:00	16
397	2024-06-25	08:30:00	17:30:00	16
398	2024-06-26	08:30:00	17:30:00	16
399	2024-06-27	08:30:00	17:30:00	16
400	2024-06-28	08:30:00	17:30:00	16
401	2024-07-01	08:30:00	17:30:00	16
402	2024-07-02	08:30:00	17:30:00	16
403	2024-07-03	08:30:00	17:30:00	16
404	2024-07-04	08:30:00	17:30:00	16
405	2024-07-05	08:30:00	17:30:00	16
406	2024-07-08	08:30:00	17:30:00	16
407	2024-07-09	08:30:00	17:30:00	16
408	2024-07-10	08:30:00	17:30:00	16
409	2024-07-11	08:30:00	17:30:00	16
410	2024-07-12	08:30:00	17:30:00	16
411	2024-07-15	08:30:00	17:30:00	16
412	2024-07-16	08:30:00	17:30:00	16
413	2024-07-17	08:30:00	17:30:00	16
414	2024-07-18	08:30:00	17:30:00	16
415	2024-07-19	08:30:00	17:30:00	16
416	2024-07-22	08:30:00	17:30:00	16
417	2024-07-23	08:30:00	17:30:00	16
418	2024-07-24	08:30:00	17:30:00	16
419	2024-07-25	08:30:00	17:30:00	16
420	2024-07-26	08:30:00	17:30:00	16
421	2024-07-29	08:30:00	17:30:00	16
422	2024-07-30	08:30:00	17:30:00	16
423	2024-07-31	08:30:00	17:30:00	16
424	2024-08-01	08:30:00	17:30:00	16
425	2024-08-02	08:30:00	17:30:00	16
426	2024-08-05	08:30:00	17:30:00	16
427	2024-08-06	08:30:00	17:30:00	16
428	2024-08-07	08:30:00	17:30:00	16
429	2024-08-08	08:30:00	17:30:00	16
430	2024-08-09	08:30:00	17:30:00	16
431	2024-08-12	08:30:00	17:30:00	16
432	2024-08-13	08:30:00	17:30:00	16
433	2024-08-14	08:30:00	17:30:00	16
434	2024-08-15	08:30:00	17:30:00	16
435	2024-08-16	08:30:00	17:30:00	16
436	2024-08-19	08:30:00	17:30:00	16
437	2024-08-20	08:30:00	17:30:00	16
438	2024-08-21	08:30:00	17:30:00	16
439	2024-08-22	08:30:00	17:30:00	16
440	2024-08-23	08:30:00	17:30:00	16
441	2024-08-26	08:30:00	17:30:00	16
442	2024-08-27	08:30:00	17:30:00	16
443	2024-08-28	08:30:00	17:30:00	16
444	2024-08-29	08:30:00	17:30:00	16
445	2024-08-30	08:30:00	17:30:00	16
446	2024-09-02	08:30:00	17:30:00	16
447	2024-09-03	08:30:00	17:30:00	16
448	2024-09-04	08:30:00	17:30:00	16
449	2024-09-05	08:30:00	17:30:00	16
450	2024-09-06	08:30:00	17:30:00	16
451	2024-09-09	08:30:00	17:30:00	16
452	2024-09-10	08:30:00	17:30:00	16
453	2024-09-11	08:30:00	17:30:00	16
454	2024-09-12	08:30:00	17:30:00	16
455	2024-09-13	08:30:00	17:30:00	16
456	2024-09-16	08:30:00	17:30:00	16
457	2024-09-17	08:30:00	17:30:00	16
458	2024-09-18	08:30:00	17:30:00	16
459	2024-09-19	08:30:00	17:30:00	16
460	2024-09-20	08:30:00	17:30:00	16
461	2024-09-23	08:30:00	17:30:00	16
462	2024-09-24	08:30:00	17:30:00	16
463	2024-09-25	08:30:00	17:30:00	16
464	2024-09-26	08:30:00	17:30:00	16
465	2024-09-27	08:30:00	17:30:00	16
466	2024-09-30	08:30:00	17:30:00	16
467	2024-10-01	08:30:00	17:30:00	16
468	2024-10-02	08:30:00	17:30:00	16
469	2024-10-03	08:30:00	17:30:00	16
470	2024-10-04	08:30:00	17:30:00	16
471	2024-10-07	08:30:00	17:30:00	16
472	2024-10-08	08:30:00	17:30:00	16
473	2024-10-09	08:30:00	17:30:00	16
474	2024-10-10	08:30:00	17:30:00	16
475	2024-10-11	08:30:00	17:30:00	16
476	2024-10-14	08:30:00	17:30:00	16
477	2024-10-15	08:30:00	17:30:00	16
478	2024-10-16	08:30:00	17:30:00	16
479	2024-10-17	08:30:00	17:30:00	16
480	2024-10-18	08:30:00	17:30:00	16
481	2024-10-21	08:30:00	17:30:00	16
482	2024-10-22	08:30:00	17:30:00	16
483	2024-10-23	08:30:00	17:30:00	16
484	2024-10-24	08:30:00	17:30:00	16
485	2024-10-25	08:30:00	17:30:00	16
486	2024-10-28	08:30:00	17:30:00	16
487	2024-10-29	08:30:00	17:30:00	16
488	2024-10-30	08:30:00	17:30:00	16
489	2024-10-31	08:30:00	17:30:00	16
490	2024-12-02	08:30:00	17:30:00	16
491	2024-12-03	08:30:00	17:30:00	16
492	2024-12-04	08:30:00	17:30:00	16
493	2024-12-05	08:30:00	17:30:00	16
494	2024-12-06	08:30:00	17:30:00	16
495	2024-12-09	08:30:00	17:30:00	16
496	2024-12-10	08:30:00	17:30:00	16
497	2024-12-11	08:30:00	17:30:00	16
498	2024-12-12	08:30:00	17:30:00	16
499	2024-12-13	08:30:00	17:30:00	16
500	2024-12-16	08:30:00	17:30:00	16
501	2024-12-17	08:30:00	17:30:00	16
502	2024-12-18	08:30:00	17:30:00	16
503	2024-12-19	08:30:00	17:30:00	16
504	2024-12-20	08:30:00	17:30:00	16
505	2024-12-23	08:30:00	17:30:00	16
506	2024-12-24	08:30:00	17:30:00	16
507	2024-12-26	08:30:00	17:30:00	16
508	2024-12-27	08:30:00	17:30:00	16
509	2024-12-30	08:30:00	17:30:00	16
510	2024-12-31	08:30:00	17:30:00	16
511	2024-12-02	08:30:00	17:30:00	16
512	2024-12-03	08:30:00	17:30:00	16
513	2024-12-04	08:30:00	17:30:00	16
514	2024-12-05	08:30:00	17:30:00	16
515	2024-12-06	08:30:00	17:30:00	16
516	2024-12-09	08:30:00	17:30:00	16
517	2024-12-10	08:30:00	17:30:00	16
518	2024-12-11	08:30:00	17:30:00	16
519	2024-12-12	08:30:00	17:30:00	16
520	2024-12-13	08:30:00	17:30:00	16
521	2024-12-16	08:30:00	17:30:00	16
522	2024-12-17	08:30:00	17:30:00	16
523	2024-12-18	08:30:00	17:30:00	16
524	2024-12-19	08:30:00	17:30:00	16
525	2024-12-20	08:30:00	17:30:00	16
526	2024-12-23	08:30:00	17:30:00	16
527	2024-12-24	08:30:00	17:30:00	16
528	2024-12-26	08:30:00	17:30:00	16
529	2024-12-27	08:30:00	17:30:00	16
530	2024-12-30	08:30:00	17:30:00	16
531	2024-12-31	08:30:00	17:30:00	16
532	2024-11-01	08:30:00	17:30:00	16
533	2024-11-04	08:30:00	17:30:00	16
534	2024-11-05	08:30:00	17:30:00	16
535	2024-11-06	08:30:00	17:30:00	16
536	2024-11-07	08:30:00	17:30:00	16
537	2024-11-08	08:30:00	17:30:00	16
538	2024-11-11	08:30:00	17:30:00	16
539	2024-11-12	08:30:00	17:30:00	16
540	2024-11-13	08:30:00	17:30:00	16
541	2024-11-14	08:30:00	17:30:00	16
542	2024-11-15	08:30:00	17:30:00	16
543	2024-11-18	08:30:00	17:30:00	16
544	2024-11-19	08:30:00	17:30:00	16
545	2024-11-20	08:30:00	17:30:00	16
546	2024-11-21	08:30:00	17:30:00	16
547	2024-11-22	08:30:00	17:30:00	16
548	2024-11-25	08:30:00	17:30:00	16
549	2024-11-26	08:30:00	17:30:00	16
550	2024-11-27	08:30:00	17:30:00	16
551	2024-11-28	08:30:00	17:30:00	16
552	2024-11-29	08:30:00	17:30:00	16
\.


--
-- Data for Name: gestiones_beneficio; Type: TABLE DATA; Schema: public; Owner: postgres
--

COPY public.gestiones_beneficio (id, titulo, descripcion, fecha_creacion, creado_por_id, fecha_actualizacion, imagen) FROM stdin;
7	Cruz Verde	7% Dscto. con tu rut.	2024-12-09 19:48:59.190981-03	12	2024-12-09 19:48:59.191015-03	beneficios/Cruz-verde-moviln.jpg
8	Supermercados Lider	10% Dscto. d├¡as miercoles con tu rut en caja.	2024-12-09 19:50:09.713437-03	12	2024-12-09 19:50:09.713469-03	beneficios/images.jpg
9	Doctor Simi	10% Dscto. d├¡as miercoles, con tu rut en caja.	2024-12-09 23:50:23.172988-03	14	2024-12-09 23:50:23.173009-03	beneficios/OIP_3_FLDPPcN.jpeg
10	Burguer King	D├¡as Viernes, hasta agotar stock.	2024-12-09 23:50:53.373037-03	14	2024-12-09 23:50:53.373102-03	beneficios/R_ggkmvGF.jpeg
12	Temu	C├│digo TEMU	2024-12-09 23:51:36.934413-03	14	2024-12-09 23:51:36.934442-03	beneficios/OIP_zyqeKEY.jpg
13	Samsung	Descuento al dictar tu rut en caja	2024-12-09 23:52:09.707076-03	14	2024-12-09 23:52:09.707204-03	beneficios/images_F8QUf69.png
14	Unimarc	Descuento en Frutas y Verduras, d├¡as martes.	2024-12-09 23:53:00.674406-03	14	2024-12-09 23:53:00.674447-03	beneficios/OIP_2_ONSlBmX.jpeg
15	Udemy	C├│digo WORKFORCE. Para descuentos	2024-12-09 23:55:38.949522-03	14	2024-12-09 23:55:38.949622-03	beneficios/udemy-logo-letra.jpg.webp
16	TNT SPORTS.	Descuento c├│digo WORKFORCE.	2024-12-09 23:56:14.897017-03	14	2024-12-09 23:56:14.897109-03	beneficios/tntsports.jpeg
\.


--
-- Data for Name: gestiones_cargafamiliar; Type: TABLE DATA; Schema: public; Owner: postgres
--

COPY public.gestiones_cargafamiliar (id, nombre, apellido, rut, parentesco, fecha_nacimiento, usuario_id, archivo, tipo_certificado) FROM stdin;
3	Valentino	C├®spedes	28445893-4	hijo/a	2024-05-19	15	cargas_familiares/afp.pdf	AFC
4	Fabiola	Silva	20478394-3	esposo/a	1999-10-10	22	cargas_familiares/fonasa.pdf	AFC
5	Daniela	Bascour	19345094-3	esposo/a	1989-02-22	21	cargas_familiares/fonasa_jQVGV1O.pdf	ISAPRE
6	luis	silva	28934043-3	hijo/a	2024-01-01	20	cargas_familiares/afp_kO4gtKJ.pdf	AFC
7	Luis	Jara	28765345-4	hijo/a	2020-01-01	25	cargas_familiares/fonasa_vHo3dkT.pdf	AFC
8	Luis	Pereira	28345432-2	hijo/a	2019-01-01	23	cargas_familiares/fonasa_RW1b626.pdf	AFC
9	Pedro	Tapia	29383292-4	hijo/a	2020-01-01	17	cargas_familiares/fonasa_vHTXy0c.pdf	AFC
10	Matilda	Garces	20345098-4	conviviente	2000-01-01	16	cargas_familiares/fonasa_Uc1XquW.pdf	AFC
\.


--
-- Data for Name: gestiones_curso; Type: TABLE DATA; Schema: public; Owner: postgres
--

COPY public.gestiones_curso (id, nombre, descripcion, supervisor_id) FROM stdin;
4	Convivencia Laboral	link de acceso al grupo: www.udemy.cl	14
\.


--
-- Data for Name: gestiones_curso_participantes; Type: TABLE DATA; Schema: public; Owner: postgres
--

COPY public.gestiones_curso_participantes (id, curso_id, customuser_id) FROM stdin;
1	4	20
2	4	21
3	4	22
4	4	23
\.


--
-- Data for Name: gestiones_customuser; Type: TABLE DATA; Schema: public; Owner: postgres
--

COPY public.gestiones_customuser (id, password, last_login, is_superuser, username, first_name, last_name, email, is_staff, is_active, date_joined, cargo, fecha_contratacion, foto_perfil, rut, empresa_id, direccion, horario_asignado, salud, telefono, fecha_nacimiento, afp, area_id, genero, segundo_apellido, segundo_nombre, certificado_afp, certificado_salud) FROM stdin;
1	pbkdf2_sha256$870000$bOmBeOf9GbxBDyjVO6AmvF$rpI/+fipLun0EWZ2Xs/gi5r3yLnKVQ+xBB9I2dgFvPQ=	2024-12-09 19:40:11.805349-03	t	admin				t	t	2024-11-26 19:26:00.222499-03	\N	\N		\N	\N	\N	\N	\N	\N	\N	\N	\N	\N	\N	\N	\N	\N
13	pbkdf2_sha256$870000$yCg8P5NKpONBSIKtm4lhTv$hrRe07m0j2vFyMM6BEox1cw2x9W0pYJUxImL/ECzdXU=	\N	f	adminempresa1				f	t	2024-12-09 19:46:18.2405-03	\N	\N		\N	4	\N	\N	\N	\N	\N	\N	\N	\N	\N	\N		
24	pbkdf2_sha256$870000$hpeVedZUGKlL6xgHA5yuJp$NJs2ikvqMD5Lx7oVa7Un2ju4G0uR+xLWWL/jAjH18JY=	2024-12-09 23:38:24.924641-03	f	plopez	Patricia	Lopez	plopez@cesta.cl	f	t	2024-12-09 22:50:55.574424-03	Analista de Operaciones	2024-07-01		8789724-9	3	Av Vicu├▒a 2232	8:00-17:30	fonasa	947879820	1980-06-01	capital	11	Femenino	Arancibia	Estefania	certificados/afp/afp_e6vAh3D.pdf	certificados/salud/fonasa_s2kB8Ll.pdf
19	pbkdf2_sha256$870000$XGL6k8uVOgUlUbxT2mdQaD$y32H9k4sdXMUKDVyYrokfylf1wwbE9VmBynZ4S6Kot0=	2024-12-09 23:25:15.672654-03	f	plira	Pedro	Lira	plira@cesta.cl	f	t	2024-12-09 22:34:19.365081-03	Bodeguero	2024-08-01		19724792-4	3	av paraderos 7625	8:00-17:30	cruzblanca	956768790	1992-10-01	provida	9	Masculino	Benavides	Ignacio	certificados/afp/afp_mZ72hQA.pdf	certificados/salud/fonasa_kiu0Djh.pdf
20	pbkdf2_sha256$870000$2F36NYkjlcAosmnyiW6u1X$MpLwljb4N4Os4MjlAmtQY7RzIAJmPVUgmQtOHv7T7aA=	\N	f	esilva	Eduardo	Silva	edilva@cesta.cl	f	t	2024-12-09 22:36:59.816569-03	Jefe de Bodega	2020-01-01		17935682-1	3	AV Lago Villarrica 2883	8:00-17:30	fonasa	945676520	1995-07-01	modelo	9	Masculino	Cereceda	Ignacio	certificados/afp/afp_g0tqg8O.pdf	certificados/salud/afp_82n3CUr.pdf
21	pbkdf2_sha256$870000$nBcty93ETCdXI4RGJUaFw6$hOJNyZwQ3DW/EwYMIZtphKwTQCigRSghyV55vNhP/uM=	\N	f	daranda	Diego	Aranda	daranda@cesta.cl	f	t	2024-12-09 22:40:08.685896-03	Jefe de Marketing	2022-02-03		26549151-0	3	av del mar 234, Lo Barnechea	9:00-18:30	banmedica	930290940	2000-03-01	capital	13	Masculino	Silva	Andres	certificados/afp/afp_Ob9rwXY.pdf	certificados/salud/fonasa_Gn8TrQf.pdf
22	pbkdf2_sha256$870000$aXt1VIrqS6XOonKCAbrEED$fCDo2nXoYYVeXLaDuuB9idw2sf1Hjh9KfDbbF29yGts=	\N	f	jreyes	Jose	Reyes	jreyes@cesta.cl	f	t	2024-12-09 22:42:25.260083-03	Analista de Ventas	2020-01-01		25930667-1	3	pasaje 34, #232, Lo Espejo	8:00-17:30	fonasa	956768930	1992-12-01	capital	10	Masculino	Sepulveda	Esteban	certificados/afp/afp_Kn81wNG.pdf	certificados/salud/fonasa_zvYY6n5.pdf
23	pbkdf2_sha256$870000$1W0lXZP0M8APpYRNrnOXT9$At3a2e2ha/WT7PVKKYgo4+2EKAFD8E75FUmvJmQDojs=	\N	f	lpereira	Luisa	Pereira	lpereira@cesta.cl	f	t	2024-12-09 22:44:04.737083-03	Gerente de Ventas	2010-01-01		12704959-9	3	Av Alameda 3432	8:00-17:30	cruzblanca	956374898	1987-01-01	capital	10	Femenino	Bastias	Isabell	certificados/afp/afp_2HsB6JX.pdf	certificados/salud/fonasa_iEfXj9G.pdf
25	pbkdf2_sha256$870000$6X1ptk5BkS6FfOSuX4BkP2$ajmhYHCbt3seLkSHGNPIYy/2V3jbqDXEvoe0x9Qwk+k=	\N	f	jjara	Javiera	Jara	jjara@cesta.cl	f	t	2024-12-09 22:53:25.891781-03	Analista de Contabilidad	2021-01-01		16105004-0	3	pasaje las industrias 2889	8:00-17:30	fonasa	938982093	2000-01-01	capital	12	Femenino	Rosales	Estrella	certificados/afp/afp_p1yRhxK.pdf	certificados/salud/fonasa_a2a7eaq.pdf
17	pbkdf2_sha256$870000$gSpfrDwEJDTdYJUjd34owU$83t2e1LqE6qgpbWcz2yJazgUIboOT2FMh/NNlNVlA0Q=	2024-12-10 00:00:43.997024-03	f	ctapia	Cristian	Tapia	ctapia@cesta.cl	f	t	2024-12-09 22:10:20.502743-03	Scrum Master	2023-06-01		16147890-3	3	Santos Dumont	8:00-17:30	fonasa	934323495	2000-01-01	capital	8	Masculino	Rodriguez	Eduardo	certificados/afp/afp_M3DxO21.pdf	certificados/salud/fonasa_LL77aWa.pdf
15	pbkdf2_sha256$870000$UCI7P1MwhbKdlMs49VQV8H$WSmuPmUCQmcrwt78QkfrnKTEB7uIfy5OBrLOTxIdDn8=	2024-12-10 00:01:46.033318-03	f	kcespedes	Kevin	C├®spedes	kcespedes@cesta.cl	f	t	2024-12-09 22:02:26.758613-03	Desarrollador	2024-06-01		20147098-6	3	pe├▒uelas 0421	8:00-17:30	fonasa	958789830	1999-07-31	capital	8	Masculino	S├ínchez	Ignacio	certificados/afp/afp_mlicNtV.pdf	certificados/salud/fonasa_zQE5qRq.pdf
16	pbkdf2_sha256$870000$nNiFzQQ8d8ZTzVxXxSFige$kG5VKch7jd9bOLQ0MqxQzVoY1uNFQFrko1kxiGHHjFM=	2024-12-10 00:11:26.272689-03	f	mcavieres	Matias	Cavieres	mcavieres@cesta.cl	f	t	2024-12-09 22:08:14.502828-03	Product Owner	2024-06-01		20119699-K	3	Jorge Rossossa 692 Ciudad Del Sol	8:00-17:30	fonasa	987879840	2000-01-01	capital	8	Masculino	Belmar	Francisco	certificados/afp/afp_a2xQPVP.pdf	certificados/salud/fonasa_Boo0k40.pdf
12	pbkdf2_sha256$870000$oA23Ts22U22lZOCwUi8yUC$s1FXDunoscY9FqGzO21DiyrXipv1x76cGOKjZzgIImc=	2024-12-09 23:37:06.540507-03	f	admincesta				f	t	2024-12-09 19:45:39.302262-03	\N	\N		\N	3	\N	\N	\N	\N	\N	\N	14	\N	\N	\N		
14	pbkdf2_sha256$870000$suaGMCHPEpQ04AHeaq7GHV$Z73PlByMRj3AVJj68AMpPphxyY0SMlKVtuYjHDSGvr8=	2024-12-10 00:36:45.6215-03	f	ddiaz	Damaris	Diaz	ddiaz@cesta.cl	f	t	2024-12-09 19:55:46.388079-03	Gerente de Recursos Humanos	\N		20451173-k	3	av potrillos 232	8:00-17:30	fonasa	988564588	\N	capital	7	Femenino	Cabezas	Catalina	certificados/afp/afp.pdf	certificados/salud/fonasa.pdf
18	pbkdf2_sha256$870000$R2K81MNb8UiXO9hDIbhkeB$fxgZKzPkZZDXQJ1xslOuI7H4QQNxBtpG6e0dT2fLDPY=	2024-12-10 00:39:45.429554-03	f	jperez	Jose	Perez	jperez@cesta.cl	f	t	2024-12-09 22:13:43.532066-03	Analista de Personas	\N		17367912-2	3	AV Lago Villarrica 2883	8:00-17:30	fonasa	948379840	\N	provida	7	Masculino	Perez	Miguel	certificados/afp/afp_hYrNi9x.pdf	certificados/salud/afp.pdf
\.


--
-- Data for Name: gestiones_customuser_groups; Type: TABLE DATA; Schema: public; Owner: postgres
--

COPY public.gestiones_customuser_groups (id, customuser_id, group_id) FROM stdin;
11	12	1
12	13	1
13	14	1
14	15	1
15	16	1
16	17	1
18	19	2
19	20	2
20	21	2
21	22	2
22	23	2
23	24	2
24	25	2
25	18	1
\.


--
-- Data for Name: gestiones_customuser_user_permissions; Type: TABLE DATA; Schema: public; Owner: postgres
--

COPY public.gestiones_customuser_user_permissions (id, customuser_id, permission_id) FROM stdin;
\.


--
-- Data for Name: gestiones_denuncia; Type: TABLE DATA; Schema: public; Owner: postgres
--

COPY public.gestiones_denuncia (id, motivo, descripcion, evidencias, contacto_urgencia, fecha_creacion, denunciado_id, denunciante_id, estado, fecha_limite, prioridad) FROM stdin;
4	Violencia Sicologica	Ayer en la bodega.		956768739	2024-12-09 23:25:53.164851-03	20	19	resuelta	\N	media
5	Burlas en el almuerzo	Hoy en la colaci├│n		934548798	2024-12-09 23:26:57.784374-03	23	19	rechazada	\N	media
6	Ostigamiento	Ayer en la...		938498230	2024-12-09 23:39:04.359574-03	25	24	pendiente	\N	media
7	Violencia Extrema	En la feria.		934548798	2024-12-10 00:11:58.181241-03	21	16	pendiente	\N	media
\.


--
-- Data for Name: gestiones_descargadocumento; Type: TABLE DATA; Schema: public; Owner: postgres
--

COPY public.gestiones_descargadocumento (id, fecha_descarga, documento_id, usuario_id) FROM stdin;
2	2024-12-10 00:01:31.679748-03	3	17
3	2024-12-10 00:09:47.569282-03	3	14
\.


--
-- Data for Name: gestiones_documentoempresa; Type: TABLE DATA; Schema: public; Owner: postgres
--

COPY public.gestiones_documentoempresa (id, titulo, descripcion, archivo, fecha_creacion, creado_por_id) FROM stdin;
3	Manual Ley Karin	GU├ìA PR├üCTICA PARA LA PREVENCI├ôN Y CONTROL DE LA VIOLENCIA Y ACOSO EN LOS LUGARES DE TRABAJO	documentos_empresa/Guia-Practica-Ley-Karin_0QLmEeb.pdf	2024-12-09 23:41:37.783759-03	14
4	Informativo ┬┐Qu├® es la Ley Karin?	Informativo	documentos_empresa/1.png	2024-12-10 00:11:09.072118-03	14
\.


--
-- Data for Name: gestiones_empresa; Type: TABLE DATA; Schema: public; Owner: postgres
--

COPY public.gestiones_empresa (id, nombre, razon_social, rut, giro, cantidad_personal, direccion) FROM stdin;
3	Cesta	Cesta SPA	78437894-5	Venta de Productos de Entrenamiento Personal	13	pe├▒uelas 0421
4	Empresa 1	Razon Social 1	11111111-1	Giro 1	10	direccion 123
\.


--
-- Data for Name: gestiones_evidenciadenuncia; Type: TABLE DATA; Schema: public; Owner: postgres
--

COPY public.gestiones_evidenciadenuncia (id, archivo, denuncia_id) FROM stdin;
2	evidencias_denuncias/images.jpg	4
\.


--
-- Data for Name: gestiones_notadenuncia; Type: TABLE DATA; Schema: public; Owner: postgres
--

COPY public.gestiones_notadenuncia (id, nota, fecha_creacion, denuncia_id, usuario_id) FROM stdin;
2	Se realiza denuncia en Inspecci├│n del Trabajo.	2024-12-09 23:33:36.089453-03	4	18
\.


--
-- Data for Name: gestiones_progresoparticipante; Type: TABLE DATA; Schema: public; Owner: postgres
--

COPY public.gestiones_progresoparticipante (id, progreso, curso_id, participante_id) FROM stdin;
1	10	4	20
2	15	4	21
3	20	4	22
4	35	4	23
\.


--
-- Data for Name: gestiones_publicacion; Type: TABLE DATA; Schema: public; Owner: postgres
--

COPY public.gestiones_publicacion (id, titulo, contenido, fecha_creacion, autor_id, imagen) FROM stdin;
4	Celebraci├│n de Navidad	El d├¡a 23 de Diciembre, celebraremos la navidad.	2024-12-09 23:59:11.738897-03	14	publicaciones/El-lugar-perfecto-para-pasar-la-Navidad-con-toda-tu-familia-1024x605.webp
5	Fiestas de A├▒o Nuevo	Deseamos un excelente fin de a├▒o a todos nuestros colaboradores.	2024-12-10 00:00:04.799488-03	14	publicaciones/12_destinos_festejar_noche_vieja.jpg
\.


--
-- Data for Name: gestiones_solicitud; Type: TABLE DATA; Schema: public; Owner: postgres
--

COPY public.gestiones_solicitud (id, tipo, descripcion, fecha_creacion, fecha_inicio, fecha_fin, estado, colaborador_id) FROM stdin;
6	administrativo	Necesito hacer un tr├ímite	2024-12-09	2024-12-18	2024-12-18	aprobada	24
\.


--
-- Data for Name: gestiones_solicitudvacaciones; Type: TABLE DATA; Schema: public; Owner: postgres
--

COPY public.gestiones_solicitudvacaciones (id, fecha_inicio, fecha_fin, dias_habiles, estado, motivo, fecha_creacion, colaborador_id) FROM stdin;
9	2024-12-16	2024-12-20	5	pendiente	Vacaciones	2024-12-09 23:40:42.534519-03	24
11	2024-12-16	2024-12-20	5	aprobada	Vacaciones	2024-12-10 00:01:25.460035-03	17
10	2024-12-23	2024-12-27	4	aprobada	Vacaciones 2024	2024-12-10 00:01:03.154361-03	17
\.


--
-- Name: auth_group_id_seq; Type: SEQUENCE SET; Schema: public; Owner: postgres
--

SELECT pg_catalog.setval('public.auth_group_id_seq', 2, true);


--
-- Name: auth_group_permissions_id_seq; Type: SEQUENCE SET; Schema: public; Owner: postgres
--

SELECT pg_catalog.setval('public.auth_group_permissions_id_seq', 1, false);


--
-- Name: auth_permission_id_seq; Type: SEQUENCE SET; Schema: public; Owner: postgres
--

SELECT pg_catalog.setval('public.auth_permission_id_seq', 104, true);


--
-- Name: django_admin_log_id_seq; Type: SEQUENCE SET; Schema: public; Owner: postgres
--

SELECT pg_catalog.setval('public.django_admin_log_id_seq', 21, true);


--
-- Name: django_content_type_id_seq; Type: SEQUENCE SET; Schema: public; Owner: postgres
--

SELECT pg_catalog.setval('public.django_content_type_id_seq', 26, true);


--
-- Name: django_migrations_id_seq; Type: SEQUENCE SET; Schema: public; Owner: postgres
--

SELECT pg_catalog.setval('public.django_migrations_id_seq', 60, true);


--
-- Name: gestiones_area_id_seq; Type: SEQUENCE SET; Schema: public; Owner: postgres
--

SELECT pg_catalog.setval('public.gestiones_area_id_seq', 19, true);


--
-- Name: gestiones_asistencia_id_seq; Type: SEQUENCE SET; Schema: public; Owner: postgres
--

SELECT pg_catalog.setval('public.gestiones_asistencia_id_seq', 552, true);


--
-- Name: gestiones_beneficio_id_seq; Type: SEQUENCE SET; Schema: public; Owner: postgres
--

SELECT pg_catalog.setval('public.gestiones_beneficio_id_seq', 16, true);


--
-- Name: gestiones_cargafamiliar_id_seq; Type: SEQUENCE SET; Schema: public; Owner: postgres
--

SELECT pg_catalog.setval('public.gestiones_cargafamiliar_id_seq', 10, true);


--
-- Name: gestiones_curso_id_seq; Type: SEQUENCE SET; Schema: public; Owner: postgres
--

SELECT pg_catalog.setval('public.gestiones_curso_id_seq', 4, true);


--
-- Name: gestiones_curso_participantes_id_seq; Type: SEQUENCE SET; Schema: public; Owner: postgres
--

SELECT pg_catalog.setval('public.gestiones_curso_participantes_id_seq', 4, true);


--
-- Name: gestiones_customuser_groups_id_seq; Type: SEQUENCE SET; Schema: public; Owner: postgres
--

SELECT pg_catalog.setval('public.gestiones_customuser_groups_id_seq', 25, true);


--
-- Name: gestiones_customuser_id_seq; Type: SEQUENCE SET; Schema: public; Owner: postgres
--

SELECT pg_catalog.setval('public.gestiones_customuser_id_seq', 26, true);


--
-- Name: gestiones_customuser_user_permissions_id_seq; Type: SEQUENCE SET; Schema: public; Owner: postgres
--

SELECT pg_catalog.setval('public.gestiones_customuser_user_permissions_id_seq', 1, false);


--
-- Name: gestiones_denuncia_id_seq; Type: SEQUENCE SET; Schema: public; Owner: postgres
--

SELECT pg_catalog.setval('public.gestiones_denuncia_id_seq', 7, true);


--
-- Name: gestiones_descargadocumento_id_seq; Type: SEQUENCE SET; Schema: public; Owner: postgres
--

SELECT pg_catalog.setval('public.gestiones_descargadocumento_id_seq', 3, true);


--
-- Name: gestiones_documentoempresa_id_seq; Type: SEQUENCE SET; Schema: public; Owner: postgres
--

SELECT pg_catalog.setval('public.gestiones_documentoempresa_id_seq', 4, true);


--
-- Name: gestiones_empresa_id_seq; Type: SEQUENCE SET; Schema: public; Owner: postgres
--

SELECT pg_catalog.setval('public.gestiones_empresa_id_seq', 4, true);


--
-- Name: gestiones_evidenciadenuncia_id_seq; Type: SEQUENCE SET; Schema: public; Owner: postgres
--

SELECT pg_catalog.setval('public.gestiones_evidenciadenuncia_id_seq', 2, true);


--
-- Name: gestiones_notadenuncia_id_seq; Type: SEQUENCE SET; Schema: public; Owner: postgres
--

SELECT pg_catalog.setval('public.gestiones_notadenuncia_id_seq', 2, true);


--
-- Name: gestiones_progresoparticipante_id_seq; Type: SEQUENCE SET; Schema: public; Owner: postgres
--

SELECT pg_catalog.setval('public.gestiones_progresoparticipante_id_seq', 4, true);


--
-- Name: gestiones_publicacion_id_seq; Type: SEQUENCE SET; Schema: public; Owner: postgres
--

SELECT pg_catalog.setval('public.gestiones_publicacion_id_seq', 5, true);


--
-- Name: gestiones_solicitud_id_seq; Type: SEQUENCE SET; Schema: public; Owner: postgres
--

SELECT pg_catalog.setval('public.gestiones_solicitud_id_seq', 6, true);


--
-- Name: gestiones_solicitudvacaciones_id_seq; Type: SEQUENCE SET; Schema: public; Owner: postgres
--

SELECT pg_catalog.setval('public.gestiones_solicitudvacaciones_id_seq', 11, true);


--
-- Name: auth_group auth_group_name_key; Type: CONSTRAINT; Schema: public; Owner: postgres
--

ALTER TABLE ONLY public.auth_group
    ADD CONSTRAINT auth_group_name_key UNIQUE (name);


--
-- Name: auth_group_permissions auth_group_permissions_group_id_permission_id_0cd325b0_uniq; Type: CONSTRAINT; Schema: public; Owner: postgres
--

ALTER TABLE ONLY public.auth_group_permissions
    ADD CONSTRAINT auth_group_permissions_group_id_permission_id_0cd325b0_uniq UNIQUE (group_id, permission_id);


--
-- Name: auth_group_permissions auth_group_permissions_pkey; Type: CONSTRAINT; Schema: public; Owner: postgres
--

ALTER TABLE ONLY public.auth_group_permissions
    ADD CONSTRAINT auth_group_permissions_pkey PRIMARY KEY (id);


--
-- Name: auth_group auth_group_pkey; Type: CONSTRAINT; Schema: public; Owner: postgres
--

ALTER TABLE ONLY public.auth_group
    ADD CONSTRAINT auth_group_pkey PRIMARY KEY (id);


--
-- Name: auth_permission auth_permission_content_type_id_codename_01ab375a_uniq; Type: CONSTRAINT; Schema: public; Owner: postgres
--

ALTER TABLE ONLY public.auth_permission
    ADD CONSTRAINT auth_permission_content_type_id_codename_01ab375a_uniq UNIQUE (content_type_id, codename);


--
-- Name: auth_permission auth_permission_pkey; Type: CONSTRAINT; Schema: public; Owner: postgres
--

ALTER TABLE ONLY public.auth_permission
    ADD CONSTRAINT auth_permission_pkey PRIMARY KEY (id);


--
-- Name: django_admin_log django_admin_log_pkey; Type: CONSTRAINT; Schema: public; Owner: postgres
--

ALTER TABLE ONLY public.django_admin_log
    ADD CONSTRAINT django_admin_log_pkey PRIMARY KEY (id);


--
-- Name: django_content_type django_content_type_app_label_model_76bd3d3b_uniq; Type: CONSTRAINT; Schema: public; Owner: postgres
--

ALTER TABLE ONLY public.django_content_type
    ADD CONSTRAINT django_content_type_app_label_model_76bd3d3b_uniq UNIQUE (app_label, model);


--
-- Name: django_content_type django_content_type_pkey; Type: CONSTRAINT; Schema: public; Owner: postgres
--

ALTER TABLE ONLY public.django_content_type
    ADD CONSTRAINT django_content_type_pkey PRIMARY KEY (id);


--
-- Name: django_migrations django_migrations_pkey; Type: CONSTRAINT; Schema: public; Owner: postgres
--

ALTER TABLE ONLY public.django_migrations
    ADD CONSTRAINT django_migrations_pkey PRIMARY KEY (id);


--
-- Name: django_session django_session_pkey; Type: CONSTRAINT; Schema: public; Owner: postgres
--

ALTER TABLE ONLY public.django_session
    ADD CONSTRAINT django_session_pkey PRIMARY KEY (session_key);


--
-- Name: gestiones_area gestiones_area_pkey; Type: CONSTRAINT; Schema: public; Owner: postgres
--

ALTER TABLE ONLY public.gestiones_area
    ADD CONSTRAINT gestiones_area_pkey PRIMARY KEY (id);


--
-- Name: gestiones_asistencia gestiones_asistencia_pkey; Type: CONSTRAINT; Schema: public; Owner: postgres
--

ALTER TABLE ONLY public.gestiones_asistencia
    ADD CONSTRAINT gestiones_asistencia_pkey PRIMARY KEY (id);


--
-- Name: gestiones_beneficio gestiones_beneficio_pkey; Type: CONSTRAINT; Schema: public; Owner: postgres
--

ALTER TABLE ONLY public.gestiones_beneficio
    ADD CONSTRAINT gestiones_beneficio_pkey PRIMARY KEY (id);


--
-- Name: gestiones_cargafamiliar gestiones_cargafamiliar_pkey; Type: CONSTRAINT; Schema: public; Owner: postgres
--

ALTER TABLE ONLY public.gestiones_cargafamiliar
    ADD CONSTRAINT gestiones_cargafamiliar_pkey PRIMARY KEY (id);


--
-- Name: gestiones_curso_participantes gestiones_curso_particip_curso_id_customuser_id_97665a31_uniq; Type: CONSTRAINT; Schema: public; Owner: postgres
--

ALTER TABLE ONLY public.gestiones_curso_participantes
    ADD CONSTRAINT gestiones_curso_particip_curso_id_customuser_id_97665a31_uniq UNIQUE (curso_id, customuser_id);


--
-- Name: gestiones_curso_participantes gestiones_curso_participantes_pkey; Type: CONSTRAINT; Schema: public; Owner: postgres
--

ALTER TABLE ONLY public.gestiones_curso_participantes
    ADD CONSTRAINT gestiones_curso_participantes_pkey PRIMARY KEY (id);


--
-- Name: gestiones_curso gestiones_curso_pkey; Type: CONSTRAINT; Schema: public; Owner: postgres
--

ALTER TABLE ONLY public.gestiones_curso
    ADD CONSTRAINT gestiones_curso_pkey PRIMARY KEY (id);


--
-- Name: gestiones_customuser_groups gestiones_customuser_gro_customuser_id_group_id_c3ff099b_uniq; Type: CONSTRAINT; Schema: public; Owner: postgres
--

ALTER TABLE ONLY public.gestiones_customuser_groups
    ADD CONSTRAINT gestiones_customuser_gro_customuser_id_group_id_c3ff099b_uniq UNIQUE (customuser_id, group_id);


--
-- Name: gestiones_customuser_groups gestiones_customuser_groups_pkey; Type: CONSTRAINT; Schema: public; Owner: postgres
--

ALTER TABLE ONLY public.gestiones_customuser_groups
    ADD CONSTRAINT gestiones_customuser_groups_pkey PRIMARY KEY (id);


--
-- Name: gestiones_customuser gestiones_customuser_pkey; Type: CONSTRAINT; Schema: public; Owner: postgres
--

ALTER TABLE ONLY public.gestiones_customuser
    ADD CONSTRAINT gestiones_customuser_pkey PRIMARY KEY (id);


--
-- Name: gestiones_customuser gestiones_customuser_rut_key; Type: CONSTRAINT; Schema: public; Owner: postgres
--

ALTER TABLE ONLY public.gestiones_customuser
    ADD CONSTRAINT gestiones_customuser_rut_key UNIQUE (rut);


--
-- Name: gestiones_customuser_user_permissions gestiones_customuser_use_customuser_id_permission_581e2706_uniq; Type: CONSTRAINT; Schema: public; Owner: postgres
--

ALTER TABLE ONLY public.gestiones_customuser_user_permissions
    ADD CONSTRAINT gestiones_customuser_use_customuser_id_permission_581e2706_uniq UNIQUE (customuser_id, permission_id);


--
-- Name: gestiones_customuser_user_permissions gestiones_customuser_user_permissions_pkey; Type: CONSTRAINT; Schema: public; Owner: postgres
--

ALTER TABLE ONLY public.gestiones_customuser_user_permissions
    ADD CONSTRAINT gestiones_customuser_user_permissions_pkey PRIMARY KEY (id);


--
-- Name: gestiones_customuser gestiones_customuser_username_key; Type: CONSTRAINT; Schema: public; Owner: postgres
--

ALTER TABLE ONLY public.gestiones_customuser
    ADD CONSTRAINT gestiones_customuser_username_key UNIQUE (username);


--
-- Name: gestiones_denuncia gestiones_denuncia_pkey; Type: CONSTRAINT; Schema: public; Owner: postgres
--

ALTER TABLE ONLY public.gestiones_denuncia
    ADD CONSTRAINT gestiones_denuncia_pkey PRIMARY KEY (id);


--
-- Name: gestiones_descargadocumento gestiones_descargadocumento_pkey; Type: CONSTRAINT; Schema: public; Owner: postgres
--

ALTER TABLE ONLY public.gestiones_descargadocumento
    ADD CONSTRAINT gestiones_descargadocumento_pkey PRIMARY KEY (id);


--
-- Name: gestiones_documentoempresa gestiones_documentoempresa_pkey; Type: CONSTRAINT; Schema: public; Owner: postgres
--

ALTER TABLE ONLY public.gestiones_documentoempresa
    ADD CONSTRAINT gestiones_documentoempresa_pkey PRIMARY KEY (id);


--
-- Name: gestiones_empresa gestiones_empresa_pkey; Type: CONSTRAINT; Schema: public; Owner: postgres
--

ALTER TABLE ONLY public.gestiones_empresa
    ADD CONSTRAINT gestiones_empresa_pkey PRIMARY KEY (id);


--
-- Name: gestiones_evidenciadenuncia gestiones_evidenciadenuncia_pkey; Type: CONSTRAINT; Schema: public; Owner: postgres
--

ALTER TABLE ONLY public.gestiones_evidenciadenuncia
    ADD CONSTRAINT gestiones_evidenciadenuncia_pkey PRIMARY KEY (id);


--
-- Name: gestiones_notadenuncia gestiones_notadenuncia_pkey; Type: CONSTRAINT; Schema: public; Owner: postgres
--

ALTER TABLE ONLY public.gestiones_notadenuncia
    ADD CONSTRAINT gestiones_notadenuncia_pkey PRIMARY KEY (id);


--
-- Name: gestiones_progresoparticipante gestiones_progresoparticipante_pkey; Type: CONSTRAINT; Schema: public; Owner: postgres
--

ALTER TABLE ONLY public.gestiones_progresoparticipante
    ADD CONSTRAINT gestiones_progresoparticipante_pkey PRIMARY KEY (id);


--
-- Name: gestiones_publicacion gestiones_publicacion_pkey; Type: CONSTRAINT; Schema: public; Owner: postgres
--

ALTER TABLE ONLY public.gestiones_publicacion
    ADD CONSTRAINT gestiones_publicacion_pkey PRIMARY KEY (id);


--
-- Name: gestiones_solicitud gestiones_solicitud_pkey; Type: CONSTRAINT; Schema: public; Owner: postgres
--

ALTER TABLE ONLY public.gestiones_solicitud
    ADD CONSTRAINT gestiones_solicitud_pkey PRIMARY KEY (id);


--
-- Name: gestiones_solicitudvacaciones gestiones_solicitudvacaciones_pkey; Type: CONSTRAINT; Schema: public; Owner: postgres
--

ALTER TABLE ONLY public.gestiones_solicitudvacaciones
    ADD CONSTRAINT gestiones_solicitudvacaciones_pkey PRIMARY KEY (id);


--
-- Name: auth_group_name_a6ea08ec_like; Type: INDEX; Schema: public; Owner: postgres
--

CREATE INDEX auth_group_name_a6ea08ec_like ON public.auth_group USING btree (name varchar_pattern_ops);


--
-- Name: auth_group_permissions_group_id_b120cbf9; Type: INDEX; Schema: public; Owner: postgres
--

CREATE INDEX auth_group_permissions_group_id_b120cbf9 ON public.auth_group_permissions USING btree (group_id);


--
-- Name: auth_group_permissions_permission_id_84c5c92e; Type: INDEX; Schema: public; Owner: postgres
--

CREATE INDEX auth_group_permissions_permission_id_84c5c92e ON public.auth_group_permissions USING btree (permission_id);


--
-- Name: auth_permission_content_type_id_2f476e4b; Type: INDEX; Schema: public; Owner: postgres
--

CREATE INDEX auth_permission_content_type_id_2f476e4b ON public.auth_permission USING btree (content_type_id);


--
-- Name: django_admin_log_content_type_id_c4bce8eb; Type: INDEX; Schema: public; Owner: postgres
--

CREATE INDEX django_admin_log_content_type_id_c4bce8eb ON public.django_admin_log USING btree (content_type_id);


--
-- Name: django_admin_log_user_id_c564eba6; Type: INDEX; Schema: public; Owner: postgres
--

CREATE INDEX django_admin_log_user_id_c564eba6 ON public.django_admin_log USING btree (user_id);


--
-- Name: django_session_expire_date_a5c62663; Type: INDEX; Schema: public; Owner: postgres
--

CREATE INDEX django_session_expire_date_a5c62663 ON public.django_session USING btree (expire_date);


--
-- Name: django_session_session_key_c0390e0f_like; Type: INDEX; Schema: public; Owner: postgres
--

CREATE INDEX django_session_session_key_c0390e0f_like ON public.django_session USING btree (session_key varchar_pattern_ops);


--
-- Name: gestiones_area_empresa_id_220350fc; Type: INDEX; Schema: public; Owner: postgres
--

CREATE INDEX gestiones_area_empresa_id_220350fc ON public.gestiones_area USING btree (empresa_id);


--
-- Name: gestiones_asistencia_colaborador_id_b834afbb; Type: INDEX; Schema: public; Owner: postgres
--

CREATE INDEX gestiones_asistencia_colaborador_id_b834afbb ON public.gestiones_asistencia USING btree (colaborador_id);


--
-- Name: gestiones_beneficio_creado_por_id_970dec20; Type: INDEX; Schema: public; Owner: postgres
--

CREATE INDEX gestiones_beneficio_creado_por_id_970dec20 ON public.gestiones_beneficio USING btree (creado_por_id);


--
-- Name: gestiones_cargafamiliar_usuario_id_174f004d; Type: INDEX; Schema: public; Owner: postgres
--

CREATE INDEX gestiones_cargafamiliar_usuario_id_174f004d ON public.gestiones_cargafamiliar USING btree (usuario_id);


--
-- Name: gestiones_curso_participantes_curso_id_b4cb666c; Type: INDEX; Schema: public; Owner: postgres
--

CREATE INDEX gestiones_curso_participantes_curso_id_b4cb666c ON public.gestiones_curso_participantes USING btree (curso_id);


--
-- Name: gestiones_curso_participantes_customuser_id_a99fcd19; Type: INDEX; Schema: public; Owner: postgres
--

CREATE INDEX gestiones_curso_participantes_customuser_id_a99fcd19 ON public.gestiones_curso_participantes USING btree (customuser_id);


--
-- Name: gestiones_curso_supervisor_id_3099bb16; Type: INDEX; Schema: public; Owner: postgres
--

CREATE INDEX gestiones_curso_supervisor_id_3099bb16 ON public.gestiones_curso USING btree (supervisor_id);


--
-- Name: gestiones_customuser_area_id_1757da53; Type: INDEX; Schema: public; Owner: postgres
--

CREATE INDEX gestiones_customuser_area_id_1757da53 ON public.gestiones_customuser USING btree (area_id);


--
-- Name: gestiones_customuser_empresa_id_28aebcd8; Type: INDEX; Schema: public; Owner: postgres
--

CREATE INDEX gestiones_customuser_empresa_id_28aebcd8 ON public.gestiones_customuser USING btree (empresa_id);


--
-- Name: gestiones_customuser_groups_customuser_id_2e1aba8a; Type: INDEX; Schema: public; Owner: postgres
--

CREATE INDEX gestiones_customuser_groups_customuser_id_2e1aba8a ON public.gestiones_customuser_groups USING btree (customuser_id);


--
-- Name: gestiones_customuser_groups_group_id_dcc96748; Type: INDEX; Schema: public; Owner: postgres
--

CREATE INDEX gestiones_customuser_groups_group_id_dcc96748 ON public.gestiones_customuser_groups USING btree (group_id);


--
-- Name: gestiones_customuser_rut_e13988b9_like; Type: INDEX; Schema: public; Owner: postgres
--

CREATE INDEX gestiones_customuser_rut_e13988b9_like ON public.gestiones_customuser USING btree (rut varchar_pattern_ops);


--
-- Name: gestiones_customuser_user_permissions_customuser_id_32338dae; Type: INDEX; Schema: public; Owner: postgres
--

CREATE INDEX gestiones_customuser_user_permissions_customuser_id_32338dae ON public.gestiones_customuser_user_permissions USING btree (customuser_id);


--
-- Name: gestiones_customuser_user_permissions_permission_id_28e82ceb; Type: INDEX; Schema: public; Owner: postgres
--

CREATE INDEX gestiones_customuser_user_permissions_permission_id_28e82ceb ON public.gestiones_customuser_user_permissions USING btree (permission_id);


--
-- Name: gestiones_customuser_username_fa8d354a_like; Type: INDEX; Schema: public; Owner: postgres
--

CREATE INDEX gestiones_customuser_username_fa8d354a_like ON public.gestiones_customuser USING btree (username varchar_pattern_ops);


--
-- Name: gestiones_denuncia_denunciado_id_ad6be770; Type: INDEX; Schema: public; Owner: postgres
--

CREATE INDEX gestiones_denuncia_denunciado_id_ad6be770 ON public.gestiones_denuncia USING btree (denunciado_id);


--
-- Name: gestiones_denuncia_denunciante_id_7b6bda22; Type: INDEX; Schema: public; Owner: postgres
--

CREATE INDEX gestiones_denuncia_denunciante_id_7b6bda22 ON public.gestiones_denuncia USING btree (denunciante_id);


--
-- Name: gestiones_descargadocumento_documento_id_70f672a6; Type: INDEX; Schema: public; Owner: postgres
--

CREATE INDEX gestiones_descargadocumento_documento_id_70f672a6 ON public.gestiones_descargadocumento USING btree (documento_id);


--
-- Name: gestiones_descargadocumento_usuario_id_e31ba2d4; Type: INDEX; Schema: public; Owner: postgres
--

CREATE INDEX gestiones_descargadocumento_usuario_id_e31ba2d4 ON public.gestiones_descargadocumento USING btree (usuario_id);


--
-- Name: gestiones_documentoempresa_creado_por_id_8de8fc78; Type: INDEX; Schema: public; Owner: postgres
--

CREATE INDEX gestiones_documentoempresa_creado_por_id_8de8fc78 ON public.gestiones_documentoempresa USING btree (creado_por_id);


--
-- Name: gestiones_evidenciadenuncia_denuncia_id_c4e205c3; Type: INDEX; Schema: public; Owner: postgres
--

CREATE INDEX gestiones_evidenciadenuncia_denuncia_id_c4e205c3 ON public.gestiones_evidenciadenuncia USING btree (denuncia_id);


--
-- Name: gestiones_notadenuncia_denuncia_id_f5d7d591; Type: INDEX; Schema: public; Owner: postgres
--

CREATE INDEX gestiones_notadenuncia_denuncia_id_f5d7d591 ON public.gestiones_notadenuncia USING btree (denuncia_id);


--
-- Name: gestiones_notadenuncia_usuario_id_ecf06d0c; Type: INDEX; Schema: public; Owner: postgres
--

CREATE INDEX gestiones_notadenuncia_usuario_id_ecf06d0c ON public.gestiones_notadenuncia USING btree (usuario_id);


--
-- Name: gestiones_progresoparticipante_curso_id_89bafdb7; Type: INDEX; Schema: public; Owner: postgres
--

CREATE INDEX gestiones_progresoparticipante_curso_id_89bafdb7 ON public.gestiones_progresoparticipante USING btree (curso_id);


--
-- Name: gestiones_progresoparticipante_participante_id_51d21444; Type: INDEX; Schema: public; Owner: postgres
--

CREATE INDEX gestiones_progresoparticipante_participante_id_51d21444 ON public.gestiones_progresoparticipante USING btree (participante_id);


--
-- Name: gestiones_publicacion_autor_id_7beba4b8; Type: INDEX; Schema: public; Owner: postgres
--

CREATE INDEX gestiones_publicacion_autor_id_7beba4b8 ON public.gestiones_publicacion USING btree (autor_id);


--
-- Name: gestiones_solicitud_colaborador_id_ee4011af; Type: INDEX; Schema: public; Owner: postgres
--

CREATE INDEX gestiones_solicitud_colaborador_id_ee4011af ON public.gestiones_solicitud USING btree (colaborador_id);


--
-- Name: gestiones_solicitudvacaciones_colaborador_id_9d725e47; Type: INDEX; Schema: public; Owner: postgres
--

CREATE INDEX gestiones_solicitudvacaciones_colaborador_id_9d725e47 ON public.gestiones_solicitudvacaciones USING btree (colaborador_id);


--
-- Name: auth_group_permissions auth_group_permissio_permission_id_84c5c92e_fk_auth_perm; Type: FK CONSTRAINT; Schema: public; Owner: postgres
--

ALTER TABLE ONLY public.auth_group_permissions
    ADD CONSTRAINT auth_group_permissio_permission_id_84c5c92e_fk_auth_perm FOREIGN KEY (permission_id) REFERENCES public.auth_permission(id) DEFERRABLE INITIALLY DEFERRED;


--
-- Name: auth_group_permissions auth_group_permissions_group_id_b120cbf9_fk_auth_group_id; Type: FK CONSTRAINT; Schema: public; Owner: postgres
--

ALTER TABLE ONLY public.auth_group_permissions
    ADD CONSTRAINT auth_group_permissions_group_id_b120cbf9_fk_auth_group_id FOREIGN KEY (group_id) REFERENCES public.auth_group(id) DEFERRABLE INITIALLY DEFERRED;


--
-- Name: auth_permission auth_permission_content_type_id_2f476e4b_fk_django_co; Type: FK CONSTRAINT; Schema: public; Owner: postgres
--

ALTER TABLE ONLY public.auth_permission
    ADD CONSTRAINT auth_permission_content_type_id_2f476e4b_fk_django_co FOREIGN KEY (content_type_id) REFERENCES public.django_content_type(id) DEFERRABLE INITIALLY DEFERRED;


--
-- Name: django_admin_log django_admin_log_content_type_id_c4bce8eb_fk_django_co; Type: FK CONSTRAINT; Schema: public; Owner: postgres
--

ALTER TABLE ONLY public.django_admin_log
    ADD CONSTRAINT django_admin_log_content_type_id_c4bce8eb_fk_django_co FOREIGN KEY (content_type_id) REFERENCES public.django_content_type(id) DEFERRABLE INITIALLY DEFERRED;


--
-- Name: django_admin_log django_admin_log_user_id_c564eba6_fk_gestiones_customuser_id; Type: FK CONSTRAINT; Schema: public; Owner: postgres
--

ALTER TABLE ONLY public.django_admin_log
    ADD CONSTRAINT django_admin_log_user_id_c564eba6_fk_gestiones_customuser_id FOREIGN KEY (user_id) REFERENCES public.gestiones_customuser(id) DEFERRABLE INITIALLY DEFERRED;


--
-- Name: gestiones_area gestiones_area_empresa_id_220350fc_fk_gestiones_empresa_id; Type: FK CONSTRAINT; Schema: public; Owner: postgres
--

ALTER TABLE ONLY public.gestiones_area
    ADD CONSTRAINT gestiones_area_empresa_id_220350fc_fk_gestiones_empresa_id FOREIGN KEY (empresa_id) REFERENCES public.gestiones_empresa(id) DEFERRABLE INITIALLY DEFERRED;


--
-- Name: gestiones_asistencia gestiones_asistencia_colaborador_id_b834afbb_fk_gestiones; Type: FK CONSTRAINT; Schema: public; Owner: postgres
--

ALTER TABLE ONLY public.gestiones_asistencia
    ADD CONSTRAINT gestiones_asistencia_colaborador_id_b834afbb_fk_gestiones FOREIGN KEY (colaborador_id) REFERENCES public.gestiones_customuser(id) DEFERRABLE INITIALLY DEFERRED;


--
-- Name: gestiones_beneficio gestiones_beneficio_creado_por_id_970dec20_fk_gestiones; Type: FK CONSTRAINT; Schema: public; Owner: postgres
--

ALTER TABLE ONLY public.gestiones_beneficio
    ADD CONSTRAINT gestiones_beneficio_creado_por_id_970dec20_fk_gestiones FOREIGN KEY (creado_por_id) REFERENCES public.gestiones_customuser(id) DEFERRABLE INITIALLY DEFERRED;


--
-- Name: gestiones_cargafamiliar gestiones_cargafamil_usuario_id_174f004d_fk_gestiones; Type: FK CONSTRAINT; Schema: public; Owner: postgres
--

ALTER TABLE ONLY public.gestiones_cargafamiliar
    ADD CONSTRAINT gestiones_cargafamil_usuario_id_174f004d_fk_gestiones FOREIGN KEY (usuario_id) REFERENCES public.gestiones_customuser(id) DEFERRABLE INITIALLY DEFERRED;


--
-- Name: gestiones_curso_participantes gestiones_curso_part_curso_id_b4cb666c_fk_gestiones; Type: FK CONSTRAINT; Schema: public; Owner: postgres
--

ALTER TABLE ONLY public.gestiones_curso_participantes
    ADD CONSTRAINT gestiones_curso_part_curso_id_b4cb666c_fk_gestiones FOREIGN KEY (curso_id) REFERENCES public.gestiones_curso(id) DEFERRABLE INITIALLY DEFERRED;


--
-- Name: gestiones_curso_participantes gestiones_curso_part_customuser_id_a99fcd19_fk_gestiones; Type: FK CONSTRAINT; Schema: public; Owner: postgres
--

ALTER TABLE ONLY public.gestiones_curso_participantes
    ADD CONSTRAINT gestiones_curso_part_customuser_id_a99fcd19_fk_gestiones FOREIGN KEY (customuser_id) REFERENCES public.gestiones_customuser(id) DEFERRABLE INITIALLY DEFERRED;


--
-- Name: gestiones_curso gestiones_curso_supervisor_id_3099bb16_fk_gestiones; Type: FK CONSTRAINT; Schema: public; Owner: postgres
--

ALTER TABLE ONLY public.gestiones_curso
    ADD CONSTRAINT gestiones_curso_supervisor_id_3099bb16_fk_gestiones FOREIGN KEY (supervisor_id) REFERENCES public.gestiones_customuser(id) DEFERRABLE INITIALLY DEFERRED;


--
-- Name: gestiones_customuser gestiones_customuser_area_id_1757da53_fk_gestiones_area_id; Type: FK CONSTRAINT; Schema: public; Owner: postgres
--

ALTER TABLE ONLY public.gestiones_customuser
    ADD CONSTRAINT gestiones_customuser_area_id_1757da53_fk_gestiones_area_id FOREIGN KEY (area_id) REFERENCES public.gestiones_area(id) DEFERRABLE INITIALLY DEFERRED;


--
-- Name: gestiones_customuser_groups gestiones_customuser_customuser_id_2e1aba8a_fk_gestiones; Type: FK CONSTRAINT; Schema: public; Owner: postgres
--

ALTER TABLE ONLY public.gestiones_customuser_groups
    ADD CONSTRAINT gestiones_customuser_customuser_id_2e1aba8a_fk_gestiones FOREIGN KEY (customuser_id) REFERENCES public.gestiones_customuser(id) DEFERRABLE INITIALLY DEFERRED;


--
-- Name: gestiones_customuser_user_permissions gestiones_customuser_customuser_id_32338dae_fk_gestiones; Type: FK CONSTRAINT; Schema: public; Owner: postgres
--

ALTER TABLE ONLY public.gestiones_customuser_user_permissions
    ADD CONSTRAINT gestiones_customuser_customuser_id_32338dae_fk_gestiones FOREIGN KEY (customuser_id) REFERENCES public.gestiones_customuser(id) DEFERRABLE INITIALLY DEFERRED;


--
-- Name: gestiones_customuser gestiones_customuser_empresa_id_28aebcd8_fk_gestiones; Type: FK CONSTRAINT; Schema: public; Owner: postgres
--

ALTER TABLE ONLY public.gestiones_customuser
    ADD CONSTRAINT gestiones_customuser_empresa_id_28aebcd8_fk_gestiones FOREIGN KEY (empresa_id) REFERENCES public.gestiones_empresa(id) DEFERRABLE INITIALLY DEFERRED;


--
-- Name: gestiones_customuser_groups gestiones_customuser_groups_group_id_dcc96748_fk_auth_group_id; Type: FK CONSTRAINT; Schema: public; Owner: postgres
--

ALTER TABLE ONLY public.gestiones_customuser_groups
    ADD CONSTRAINT gestiones_customuser_groups_group_id_dcc96748_fk_auth_group_id FOREIGN KEY (group_id) REFERENCES public.auth_group(id) DEFERRABLE INITIALLY DEFERRED;


--
-- Name: gestiones_customuser_user_permissions gestiones_customuser_permission_id_28e82ceb_fk_auth_perm; Type: FK CONSTRAINT; Schema: public; Owner: postgres
--

ALTER TABLE ONLY public.gestiones_customuser_user_permissions
    ADD CONSTRAINT gestiones_customuser_permission_id_28e82ceb_fk_auth_perm FOREIGN KEY (permission_id) REFERENCES public.auth_permission(id) DEFERRABLE INITIALLY DEFERRED;


--
-- Name: gestiones_denuncia gestiones_denuncia_denunciado_id_ad6be770_fk_gestiones; Type: FK CONSTRAINT; Schema: public; Owner: postgres
--

ALTER TABLE ONLY public.gestiones_denuncia
    ADD CONSTRAINT gestiones_denuncia_denunciado_id_ad6be770_fk_gestiones FOREIGN KEY (denunciado_id) REFERENCES public.gestiones_customuser(id) DEFERRABLE INITIALLY DEFERRED;


--
-- Name: gestiones_denuncia gestiones_denuncia_denunciante_id_7b6bda22_fk_gestiones; Type: FK CONSTRAINT; Schema: public; Owner: postgres
--

ALTER TABLE ONLY public.gestiones_denuncia
    ADD CONSTRAINT gestiones_denuncia_denunciante_id_7b6bda22_fk_gestiones FOREIGN KEY (denunciante_id) REFERENCES public.gestiones_customuser(id) DEFERRABLE INITIALLY DEFERRED;


--
-- Name: gestiones_descargadocumento gestiones_descargado_documento_id_70f672a6_fk_gestiones; Type: FK CONSTRAINT; Schema: public; Owner: postgres
--

ALTER TABLE ONLY public.gestiones_descargadocumento
    ADD CONSTRAINT gestiones_descargado_documento_id_70f672a6_fk_gestiones FOREIGN KEY (documento_id) REFERENCES public.gestiones_documentoempresa(id) DEFERRABLE INITIALLY DEFERRED;


--
-- Name: gestiones_descargadocumento gestiones_descargado_usuario_id_e31ba2d4_fk_gestiones; Type: FK CONSTRAINT; Schema: public; Owner: postgres
--

ALTER TABLE ONLY public.gestiones_descargadocumento
    ADD CONSTRAINT gestiones_descargado_usuario_id_e31ba2d4_fk_gestiones FOREIGN KEY (usuario_id) REFERENCES public.gestiones_customuser(id) DEFERRABLE INITIALLY DEFERRED;


--
-- Name: gestiones_documentoempresa gestiones_documentoe_creado_por_id_8de8fc78_fk_gestiones; Type: FK CONSTRAINT; Schema: public; Owner: postgres
--

ALTER TABLE ONLY public.gestiones_documentoempresa
    ADD CONSTRAINT gestiones_documentoe_creado_por_id_8de8fc78_fk_gestiones FOREIGN KEY (creado_por_id) REFERENCES public.gestiones_customuser(id) DEFERRABLE INITIALLY DEFERRED;


--
-- Name: gestiones_evidenciadenuncia gestiones_evidenciad_denuncia_id_c4e205c3_fk_gestiones; Type: FK CONSTRAINT; Schema: public; Owner: postgres
--

ALTER TABLE ONLY public.gestiones_evidenciadenuncia
    ADD CONSTRAINT gestiones_evidenciad_denuncia_id_c4e205c3_fk_gestiones FOREIGN KEY (denuncia_id) REFERENCES public.gestiones_denuncia(id) DEFERRABLE INITIALLY DEFERRED;


--
-- Name: gestiones_notadenuncia gestiones_notadenunc_denuncia_id_f5d7d591_fk_gestiones; Type: FK CONSTRAINT; Schema: public; Owner: postgres
--

ALTER TABLE ONLY public.gestiones_notadenuncia
    ADD CONSTRAINT gestiones_notadenunc_denuncia_id_f5d7d591_fk_gestiones FOREIGN KEY (denuncia_id) REFERENCES public.gestiones_denuncia(id) DEFERRABLE INITIALLY DEFERRED;


--
-- Name: gestiones_notadenuncia gestiones_notadenunc_usuario_id_ecf06d0c_fk_gestiones; Type: FK CONSTRAINT; Schema: public; Owner: postgres
--

ALTER TABLE ONLY public.gestiones_notadenuncia
    ADD CONSTRAINT gestiones_notadenunc_usuario_id_ecf06d0c_fk_gestiones FOREIGN KEY (usuario_id) REFERENCES public.gestiones_customuser(id) DEFERRABLE INITIALLY DEFERRED;


--
-- Name: gestiones_progresoparticipante gestiones_progresopa_curso_id_89bafdb7_fk_gestiones; Type: FK CONSTRAINT; Schema: public; Owner: postgres
--

ALTER TABLE ONLY public.gestiones_progresoparticipante
    ADD CONSTRAINT gestiones_progresopa_curso_id_89bafdb7_fk_gestiones FOREIGN KEY (curso_id) REFERENCES public.gestiones_curso(id) DEFERRABLE INITIALLY DEFERRED;


--
-- Name: gestiones_progresoparticipante gestiones_progresopa_participante_id_51d21444_fk_gestiones; Type: FK CONSTRAINT; Schema: public; Owner: postgres
--

ALTER TABLE ONLY public.gestiones_progresoparticipante
    ADD CONSTRAINT gestiones_progresopa_participante_id_51d21444_fk_gestiones FOREIGN KEY (participante_id) REFERENCES public.gestiones_customuser(id) DEFERRABLE INITIALLY DEFERRED;


--
-- Name: gestiones_publicacion gestiones_publicacio_autor_id_7beba4b8_fk_gestiones; Type: FK CONSTRAINT; Schema: public; Owner: postgres
--

ALTER TABLE ONLY public.gestiones_publicacion
    ADD CONSTRAINT gestiones_publicacio_autor_id_7beba4b8_fk_gestiones FOREIGN KEY (autor_id) REFERENCES public.gestiones_customuser(id) DEFERRABLE INITIALLY DEFERRED;


--
-- Name: gestiones_solicitud gestiones_solicitud_colaborador_id_ee4011af_fk_gestiones; Type: FK CONSTRAINT; Schema: public; Owner: postgres
--

ALTER TABLE ONLY public.gestiones_solicitud
    ADD CONSTRAINT gestiones_solicitud_colaborador_id_ee4011af_fk_gestiones FOREIGN KEY (colaborador_id) REFERENCES public.gestiones_customuser(id) DEFERRABLE INITIALLY DEFERRED;


--
-- Name: gestiones_solicitudvacaciones gestiones_solicitudv_colaborador_id_9d725e47_fk_gestiones; Type: FK CONSTRAINT; Schema: public; Owner: postgres
--

ALTER TABLE ONLY public.gestiones_solicitudvacaciones
    ADD CONSTRAINT gestiones_solicitudv_colaborador_id_9d725e47_fk_gestiones FOREIGN KEY (colaborador_id) REFERENCES public.gestiones_customuser(id) DEFERRABLE INITIALLY DEFERRED;


--
-- PostgreSQL database dump complete
--

